run_id,user,session_file,bin,method,n_candidates_kept,pearson
,G,231019_userG_tripod_01_0.csv,27,phase,129,0.9205903435094263
,G,231019_userG_tripod_01_1.csv,27,phase,116,0.9654819817100165
,G,231019_userG_tripod_01_2.csv,26,phase,122,0.9308821141227321
,G,231019_userG_tripod_01_3.csv,26,phase,118,0.970368487844664
,G,231019_userG_tripod_01_4.csv,25,abs,139,0.7847723321513018
,G,231019_userG_tripod_01_5.csv,27,phase,118,0.9754658119485375
,G,231019_userG_tripod_01_6.csv,23,abs,120,0.9715275657732784
,G,231019_userG_tripod_01_7.csv,26,phase,114,0.8986884265514514
,G,231026_userG_tripod_01_1.csv,48,phase,126,0.898229823460563
,G,231026_userG_tripod_01_2.csv,49,phase,119,0.9723852819894335
,G,231026_userG_tripod_01_3.csv,49,phase,102,0.950372171555483
,G,231026_userG_tripod_01_4.csv,29,phase,99,0.9492035571485478
,G,231026_userG_tripod_01_5.csv,48,phase,112,0.9656343750167098
,G,231026_userG_tripod_01_6.csv,49,phase,123,0.9640179368918049
,G,231026_userG_tripod_01_7.csv,49,phase,115,0.9597783450173459
,G,231026_userG_tripod_02_1.csv,48,phase,116,0.968070335243635
,G,231026_userG_tripod_02_2.csv,27,phase,103,0.9378670772166073
,G,231026_userG_tripod_02_3.csv,48,phase,105,0.971676271506713
,G,231026_userG_tripod_02_4.csv,49,phase,117,0.95021188209726
,G,231026_userG_tripod_02_5.csv,48,phase,129,0.95593786429052
,G,231026_userG_tripod_02_6.csv,48,phase,109,0.9575234356722694
,G,231026_userG_tripod_02_7.csv,50,phase,135,0.9788327103613601
,G,240403_userG_tripod_01_0.csv,48,abs,137,0.7863106368214792
,G,240403_userG_tripod_01_1.csv,23,abs,119,0.9091476565760372
,G,240403_userG_tripod_01_2.csv,25,phase,125,0.9299816254111695
,G,240403_userG_tripod_01_3.csv,26,phase,113,0.9144494031243484
,G,240403_userG_tripod_01_4.csv,26,phase,130,0.9440251841396236
,G,240403_userG_tripod_01_5.csv,24,abs,120,0.9601204984737133
,G,240403_userG_tripod_01_6.csv,25,phase,116,0.9607900401223081
,G,240403_userG_tripod_01_7.csv,25,phase,128,0.942712151977702
,G,240403_userG_tripod_02_0.csv,25,abs,135,0.8891337852581022
,G,240403_userG_tripod_02_1.csv,28,abs,131,0.8868507912289935
,G,240403_userG_tripod_02_2.csv,27,abs,123,0.9400431794041431
,G,240403_userG_tripod_02_3.csv,28,abs,103,0.9568832189506125
,G,240403_userG_tripod_02_4.csv,24,phase,121,0.9187315109559606
,G,240403_userG_tripod_02_5.csv,24,phase,119,0.8910547836460874
,G,240403_userG_tripod_02_6.csv,24,phase,109,0.8927969368851254
,G,240403_userG_tripod_02_7.csv,24,phase,99,0.8789579303864818
,G,240403_userG_tripod_03_0.csv,49,abs,115,0.8728658561008636
,G,240403_userG_tripod_03_1.csv,49,abs,123,0.9466915862691213
,G,240403_userG_tripod_03_2.csv,64,abs,108,0.9314215677071244
,G,240403_userG_tripod_03_3.csv,24,phase,105,0.9347619827249746
,G,240403_userG_tripod_03_4.csv,23,phase,109,0.9528589416817056
,G,240403_userG_tripod_03_5.csv,24,phase,106,0.8815350786150357
,G,240403_userG_tripod_03_6.csv,49,abs,111,0.9623396560389008
,G,240403_userG_tripod_03_7.csv,24,phase,116,0.9610132626683211
,G,240403_userG_tripod_04_0.csv,29,abs,127,0.9294163965400619
,G,240403_userG_tripod_04_1.csv,29,phase,130,0.9316453444603843
,G,240403_userG_tripod_04_2.csv,28,abs,125,0.9596245845113572
,G,240403_userG_tripod_04_3.csv,28,abs,124,0.9573023714719415
,G,240403_userG_tripod_04_4.csv,49,abs,108,0.9426530969922973
,G,240403_userG_tripod_04_5.csv,28,abs,117,0.9790246744024663
,G,240403_userG_tripod_04_6.csv,29,abs,109,0.9782544276078041
,G,240403_userG_tripod_04_7.csv,50,phase,98,0.9427033644688672
,G,240403_userG_tripod_05_0.csv,28,abs,131,0.9088294771043376
,G,240403_userG_tripod_05_1.csv,27,abs,128,0.8707809402351148
,G,240403_userG_tripod_05_2.csv,26,abs,120,0.9651116248199056
,G,240403_userG_tripod_05_3.csv,28,abs,118,0.9217059232284367
,G,240403_userG_tripod_05_4.csv,29,abs,123,0.9779568745887165
,G,240403_userG_tripod_05_5.csv,28,abs,106,0.9655597478994706
,G,240403_userG_tripod_05_6.csv,28,abs,141,0.9630440052587451
,G,240403_userG_tripod_05_7.csv,28,abs,130,0.9384985586221938
,G,240409_userG_tripod_01_0.csv,25,abs,116,0.9586488349496267
,G,240409_userG_tripod_01_1.csv,25,abs,132,0.9227567828522645
,G,240409_userG_tripod_01_2.csv,45,abs,142,0.9519365459841839
,G,240409_userG_tripod_01_3.csv,45,abs,124,0.9323240657583465
,G,240409_userG_tripod_01_4.csv,26,phase,138,0.924829743977588
,G,240409_userG_tripod_01_5.csv,26,phase,116,0.9523746727312107
,G,240409_userG_tripod_01_6.csv,26,phase,144,0.9583905545102331
,G,240409_userG_tripod_01_7.csv,26,phase,128,0.9664071568836108
,G,240409_userG_tripod_02_0.csv,24,phase,126,0.5268935489357927
,G,240409_userG_tripod_02_1.csv,26,abs,148,0.8231699782428198
,G,240409_userG_tripod_02_2.csv,24,phase,150,0.9465295273327884
,G,240409_userG_tripod_02_3.csv,24,phase,142,0.970739340589366
,G,240409_userG_tripod_02_4.csv,25,phase,167,0.8695917133154121
,G,240409_userG_tripod_02_5.csv,26,abs,138,0.9731397956247692
,G,240409_userG_tripod_02_6.csv,27,abs,164,0.9738031898194338
,G,240409_userG_tripod_02_7.csv,24,phase,156,0.947872106132088
,G,240409_userG_tripod_03_0.csv,49,abs,126,0.819326591673281
,G,240409_userG_tripod_03_1.csv,28,phase,132,0.9122328534791538
,G,240409_userG_tripod_03_2.csv,27,phase,134,0.8878837129989421
,G,240409_userG_tripod_03_3.csv,25,phase,134,0.9166553161852574
,G,240409_userG_tripod_03_4.csv,27,abs,111,0.5646298778779134
,G,240409_userG_tripod_03_5.csv,27,phase,124,0.9423542979745001
,G,240409_userG_tripod_03_6.csv,45,abs,125,0.9233482622704527
,G,240409_userG_tripod_03_7.csv,27,abs,150,0.9093231405725429
,G,240409_userG_tripod_04_0.csv,27,abs,159,0.8667988670074139
,G,240409_userG_tripod_04_1.csv,49,abs,128,0.8930803062810642
,G,240409_userG_tripod_04_2.csv,26,abs,157,0.6847831973043934
,G,240409_userG_tripod_04_3.csv,25,abs,139,0.8239903238406753
,G,240409_userG_tripod_04_4.csv,27,abs,140,0.7410509448537229
,G,240409_userG_tripod_04_5.csv,27,phase,130,0.7990247431657518
,G,240409_userG_tripod_04_6.csv,25,abs,134,0.8548353287043771
,G,240409_userG_tripod_04_7.csv,49,phase,128,0.8708931183091366
,G,240409_userG_tripod_05_0.csv,24,phase,122,0.9194182386463933
,G,240409_userG_tripod_05_1.csv,25,phase,121,0.949966182438187
,G,240409_userG_tripod_05_2.csv,24,phase,129,0.913734220701174
,G,240409_userG_tripod_05_3.csv,24,phase,140,0.9270733096041432
,G,240409_userG_tripod_05_4.csv,26,phase,119,0.9435517381399345
,G,240409_userG_tripod_05_5.csv,27,phase,130,0.9510566480890231
,G,240409_userG_tripod_05_6.csv,25,phase,119,0.9666762425923539
,G,240409_userG_tripod_05_7.csv,24,phase,137,0.9240875916169105
,G,240412_userG_tripod_01_0.csv,25,abs,115,0.9443478376859645
,G,240412_userG_tripod_01_1.csv,25,abs,146,0.9744419185878485
,G,240412_userG_tripod_01_2.csv,24,abs,122,0.9666573241497178
,G,240412_userG_tripod_01_3.csv,26,abs,119,0.9490488097492977
,G,240412_userG_tripod_01_4.csv,25,abs,132,0.9686464565701259
,G,240412_userG_tripod_01_5.csv,25,abs,137,0.9407410619365145
,G,240412_userG_tripod_01_6.csv,23,abs,124,0.9110260860177241
,G,240412_userG_tripod_01_7.csv,24,phase,106,0.9393143811205115
,G,240412_userG_tripod_02_0.csv,45,phase,103,0.8806992315952473
,G,240412_userG_tripod_02_1.csv,28,abs,133,0.8658880240398844
,G,240412_userG_tripod_02_2.csv,28,abs,127,0.8475200906153502
,G,240412_userG_tripod_02_3.csv,29,abs,105,0.9458615541196613
,G,240412_userG_tripod_02_4.csv,45,phase,113,0.9519821452062863
,G,240412_userG_tripod_02_5.csv,44,phase,128,0.9479522848604515
,G,240412_userG_tripod_02_6.csv,28,abs,118,0.9368583470254331
,G,240412_userG_tripod_02_7.csv,27,abs,116,0.9305872827417072
,G,240412_userG_tripod_03_0.csv,28,abs,142,0.9596631843046173
,G,240412_userG_tripod_03_1.csv,24,phase,123,0.9780258438755516
,G,240412_userG_tripod_03_2.csv,25,phase,143,0.9845175058201818
,G,240412_userG_tripod_03_3.csv,25,phase,122,0.9748739150610782
,G,240412_userG_tripod_03_4.csv,27,abs,139,0.978637904732646
,G,240412_userG_tripod_03_5.csv,28,abs,135,0.9423009302103156
,G,240412_userG_tripod_03_6.csv,25,phase,114,0.9742651826906692
,G,240412_userG_tripod_03_7.csv,25,phase,119,0.9476669387106694
,G,240412_userG_tripod_04_0.csv,25,phase,116,0.43459538599649616
,G,240412_userG_tripod_04_1.csv,25,phase,126,0.9673463352681507
,G,240412_userG_tripod_04_2.csv,25,phase,131,0.9718588832581113
,G,240412_userG_tripod_04_3.csv,28,phase,118,0.9582759251589213
,G,240412_userG_tripod_04_4.csv,53,abs,99,0.7075790520525735
,G,240412_userG_tripod_04_5.csv,24,phase,121,0.9445625613647758
,G,240412_userG_tripod_04_6.csv,24,phase,102,0.9480084844378492
,G,240412_userG_tripod_04_7.csv,24,phase,109,0.9434979672033271
,H,231019_userH_tripod_01_1.csv,30,abs,133,0.5953194117016076
,H,231019_userH_tripod_01_2.csv,35,abs,157,0.953756146315922
,H,231019_userH_tripod_01_3.csv,43,phase,137,0.8201112125102771
,H,231019_userH_tripod_01_4.csv,26,phase,125,0.908850506519423
,H,231019_userH_tripod_01_5.csv,26,phase,142,0.8366634178279275
,H,231019_userH_tripod_01_6.csv,35,abs,141,0.8865608513976542
,H,231019_userH_tripod_01_7.csv,27,phase,142,0.9569342150023318
,H,240229_userH_tripod_01_0.csv,69,abs,104,0.7927832599427858
,H,240229_userH_tripod_01_1.csv,24,phase,106,0.4890763938170631
,H,240229_userH_tripod_01_2.csv,69,abs,124,0.9087484722244596
,H,240229_userH_tripod_01_3.csv,36,abs,114,-0.023978330972331163
,H,240229_userH_tripod_01_4.csv,24,phase,116,0.8058285338158776
,H,240229_userH_tripod_01_5.csv,37,abs,120,0.3228183781735742
,H,240229_userH_tripod_01_6.csv,16,abs,129,0.03727962698375425
,H,240229_userH_tripod_01_7.csv,37,abs,145,0.1773200752755592
,H,240229_userH_tripod_02_0.csv,37,abs,115,-0.17884258330291739
,H,240229_userH_tripod_02_1.csv,38,abs,107,0.2742182634010796
,H,240229_userH_tripod_02_2.csv,51,phase,129,0.4555996707187075
,H,240229_userH_tripod_02_3.csv,24,phase,122,0.8294957354011042
,H,240229_userH_tripod_02_4.csv,24,phase,134,0.12881165682051054
,H,240229_userH_tripod_02_5.csv,38,abs,131,0.8914263077407177
,H,240229_userH_tripod_02_6.csv,28,abs,113,0.6008247836033641
,H,240229_userH_tripod_02_7.csv,26,abs,112,0.7144928321411732
,H,240229_userH_tripod_03_0.csv,22,abs,119,0.8008525609911767
,H,240229_userH_tripod_03_1.csv,108,phase,110,0.15831308138791883
,H,240229_userH_tripod_03_2.csv,23,abs,106,0.6539987300314768
,H,240229_userH_tripod_03_3.csv,30,abs,120,-0.008989720812258153
,H,240229_userH_tripod_03_4.csv,25,phase,109,0.935307576862269
,H,240229_userH_tripod_03_5.csv,10,abs,147,0.2055220912652506
,H,240229_userH_tripod_03_6.csv,26,phase,92,0.8885809112651862
,H,240229_userH_tripod_03_7.csv,71,phase,112,0.03815277769325586
,H,240229_userH_tripod_04_0.csv,24,phase,137,0.8258104300787533
,H,240229_userH_tripod_04_1.csv,38,phase,118,0.9198314528758926
,H,240229_userH_tripod_04_2.csv,26,phase,125,-0.9206425492482484
,H,240229_userH_tripod_04_3.csv,82,phase,109,0.763876523820344
,H,240229_userH_tripod_04_4.csv,28,phase,120,-0.37501823636286596
,H,240229_userH_tripod_04_5.csv,23,phase,114,-0.30289169745210975
,H,240229_userH_tripod_04_6.csv,16,abs,120,0.06878636610318505
,H,240229_userH_tripod_04_7.csv,37,phase,116,0.7338962729213369
,H,240229_userH_tripod_05_0.csv,70,abs,131,0.8826148581781982
,H,240229_userH_tripod_05_1.csv,69,abs,127,0.6270550806214139
,H,240229_userH_tripod_05_2.csv,82,phase,122,0.8999886219247089
,H,240229_userH_tripod_05_3.csv,25,abs,118,0.49827035955112775
,H,240229_userH_tripod_05_4.csv,68,phase,108,0.8236847551531544
,H,240229_userH_tripod_05_5.csv,8,abs,137,-0.05256707593727259
,H,240229_userH_tripod_05_6.csv,39,abs,136,-0.006586242584428306
,H,240229_userH_tripod_05_7.csv,27,abs,131,0.7003076854795329
,H,240403_userH_tripod_01_1.csv,22,abs,111,0.9516914535973698
,H,240403_userH_tripod_01_2.csv,27,abs,114,0.7103426979295298
,H,240403_userH_tripod_01_3.csv,23,abs,119,0.6584281943020661
,H,240403_userH_tripod_01_4.csv,99,abs,110,0.0409467513640905
,H,240403_userH_tripod_01_5.csv,27,abs,117,0.49116761005913445
,H,240403_userH_tripod_01_6.csv,27,abs,117,0.7943919537850964
,H,240403_userH_tripod_01_7.csv,25,phase,130,0.8832175710382537
,H,240403_userH_tripod_02_0.csv,27,phase,113,0.5389447982981808
,H,240403_userH_tripod_02_1.csv,25,phase,111,0.7715702459870976
,H,240403_userH_tripod_02_2.csv,26,phase,118,0.02987246136425879
,H,240403_userH_tripod_02_3.csv,25,phase,111,0.5868253148953346
,H,240403_userH_tripod_02_4.csv,30,phase,126,0.7854811785062337
,H,240403_userH_tripod_02_5.csv,30,phase,129,0.7647396101209737
,H,240403_userH_tripod_02_6.csv,25,abs,127,0.8651601489717156
,H,240403_userH_tripod_02_7.csv,30,phase,117,0.8943168055571736
,H,240403_userH_tripod_03_0.csv,26,phase,134,0.9323839718312139
,H,240403_userH_tripod_03_1.csv,67,abs,108,0.8826229621765498
,H,240403_userH_tripod_03_2.csv,67,abs,100,0.7097163687018981
,H,240403_userH_tripod_03_3.csv,24,abs,109,0.8214707960392947
,H,240403_userH_tripod_03_4.csv,23,abs,100,0.8961014738717507
,H,240403_userH_tripod_03_5.csv,70,phase,113,-0.4027581159931196
,H,240403_userH_tripod_03_6.csv,23,abs,104,0.6581174143558527
,H,240403_userH_tripod_03_7.csv,25,phase,108,0.7828533578546655
,H,240403_userH_tripod_04_0.csv,28,abs,121,0.3957147262043259
,H,240403_userH_tripod_04_1.csv,24,abs,118,0.8287011044658485
,H,240403_userH_tripod_04_2.csv,29,abs,110,0.7255359900222212
,H,240403_userH_tripod_04_3.csv,29,abs,142,0.8979011437169143
,H,240403_userH_tripod_04_4.csv,26,phase,123,0.9347177046805031
,H,240403_userH_tripod_04_5.csv,26,phase,107,0.5835297722583095
,H,240403_userH_tripod_04_6.csv,23,abs,123,0.6518900248998944
,H,240403_userH_tripod_04_7.csv,36,abs,113,0.8292760844226157
,H,240403_userH_tripod_05_0.csv,47,abs,120,0.8296869439491764
,H,240403_userH_tripod_05_1.csv,47,abs,144,0.2530786743173344
,H,240403_userH_tripod_05_2.csv,23,abs,132,0.7370651814240768
,H,240403_userH_tripod_05_3.csv,23,abs,124,0.9023520770974778
,H,240403_userH_tripod_05_4.csv,25,phase,103,0.9580079227637536
,H,240403_userH_tripod_05_5.csv,28,phase,127,0.8478820556962057
,H,240403_userH_tripod_05_6.csv,23,abs,142,0.5569512555728967
,H,240403_userH_tripod_05_7.csv,25,phase,148,0.8633551653099261
,H,240409_userH_tripod_01_0.csv,51,abs,115,0.9182581886484431
,H,240409_userH_tripod_01_1.csv,51,abs,130,0.892045675125835
,H,240409_userH_tripod_01_2.csv,36,phase,122,0.9321136660612485
,H,240409_userH_tripod_01_3.csv,36,phase,121,0.9437995809761838
,H,240409_userH_tripod_01_4.csv,50,abs,141,0.9143644505533309
,H,240409_userH_tripod_01_5.csv,35,phase,115,0.8842192426128335
,H,240409_userH_tripod_01_6.csv,22,phase,123,0.7105134158652986
,H,240409_userH_tripod_01_7.csv,50,abs,126,0.38336626650775507
,H,240409_userH_tripod_02_0.csv,36,phase,118,0.8940800357957448
,H,240409_userH_tripod_02_1.csv,24,phase,132,0.7853167589729417
,H,240409_userH_tripod_02_2.csv,24,phase,114,0.8434006282343721
,H,240409_userH_tripod_02_3.csv,24,phase,125,0.9030223973845619
,H,240409_userH_tripod_02_4.csv,23,phase,131,0.24185749703258336
,H,240409_userH_tripod_02_5.csv,24,abs,121,0.5815955502249252
,H,240409_userH_tripod_02_6.csv,49,phase,133,0.3508617981945722
,H,240409_userH_tripod_02_7.csv,63,abs,123,0.4159148083660811
,H,240409_userH_tripod_03_0.csv,45,abs,147,0.8789682178347678
,H,240409_userH_tripod_03_1.csv,26,phase,123,0.8799758515847632
,H,240409_userH_tripod_03_2.csv,26,phase,141,0.8472799024085392
,H,240409_userH_tripod_03_3.csv,36,phase,133,-0.47071002291732067
,H,240409_userH_tripod_03_4.csv,24,abs,140,0.1969534151883642
,H,240409_userH_tripod_03_5.csv,27,phase,133,0.6707115219087827
,H,240409_userH_tripod_03_6.csv,107,phase,120,-0.23148845006791355
,H,240409_userH_tripod_03_7.csv,27,phase,119,0.8634306702246572
,H,240416_userH_tripod_01_1.csv,29,phase,139,0.7790408466749289
,H,240416_userH_tripod_01_2.csv,25,abs,127,0.6746091415139716
,H,240416_userH_tripod_01_3.csv,64,phase,120,0.7197070398283916
,H,240416_userH_tripod_01_4.csv,11,abs,130,0.03449988863752535
,H,240416_userH_tripod_01_5.csv,101,phase,110,0.8428169760650753
,H,240416_userH_tripod_01_6.csv,49,abs,145,0.7500960497909278
,H,240416_userH_tripod_01_7.csv,86,abs,113,0.6628903128635582
,H,240416_userH_tripod_02_0.csv,25,abs,138,-0.6700821064274715
,H,240416_userH_tripod_02_1.csv,29,phase,129,0.9504936764881553
,H,240416_userH_tripod_02_2.csv,29,phase,133,0.954491778230495
,H,240416_userH_tripod_02_3.csv,13,abs,147,0.16793525460504305
,H,240416_userH_tripod_02_4.csv,29,phase,126,0.9611033181686119
,H,240416_userH_tripod_02_5.csv,29,abs,145,-0.5778220568907535
,H,240416_userH_tripod_02_6.csv,108,phase,111,-0.29093632106180184
,H,240416_userH_tripod_03_1.csv,110,abs,140,0.8141529975072018
,H,240416_userH_tripod_03_2.csv,25,abs,132,0.85573426237891
,H,240416_userH_tripod_03_3.csv,110,abs,135,0.38316567210643904
,H,240416_userH_tripod_03_4.csv,24,abs,140,0.8364410624297093
,H,240416_userH_tripod_03_5.csv,98,abs,124,0.502098909016718
,H,240416_userH_tripod_03_6.csv,24,abs,143,0.8455955067027269
,H,240416_userH_tripod_03_7.csv,109,abs,130,0.626275157390373
,H,240416_userH_tripod_04_1.csv,29,abs,123,0.7443991184151872
,H,240416_userH_tripod_04_2.csv,28,phase,129,0.8681531403041347
,H,240416_userH_tripod_04_3.csv,49,phase,147,0.38152503450062203
,H,240416_userH_tripod_04_4.csv,49,phase,145,0.41487068451455694
,H,240416_userH_tripod_04_5.csv,50,phase,149,0.5831208426041808
,H,240416_userH_tripod_04_6.csv,29,abs,145,0.5683202665697477
,H,240416_userH_tripod_04_7.csv,111,abs,138,0.5526584210866794
,I,231012_userI_tripod_01_0.csv,24,phase,99,0.9757626028512298
,I,231012_userI_tripod_01_1.csv,25,phase,111,0.9567734795737367
,I,231012_userI_tripod_01_2.csv,24,phase,107,0.9457563980635112
,I,231012_userI_tripod_01_3.csv,27,phase,124,0.9609628719026917
,I,231012_userI_tripod_01_4.csv,24,phase,121,0.9774040482259325
,I,231012_userI_tripod_01_5.csv,25,phase,118,0.9825640440446812
,I,231012_userI_tripod_01_6.csv,48,phase,102,0.9415945570310457
,I,231012_userI_tripod_01_7.csv,48,phase,89,0.8868934379748028
,I,231017_userI_tripod_01_0.csv,27,phase,119,0.9328865418202237
,I,231017_userI_tripod_01_1.csv,23,phase,139,0.9375389491487475
,I,231017_userI_tripod_01_2.csv,27,abs,118,0.9763881956407526
,I,231017_userI_tripod_01_3.csv,34,phase,112,0.970225696299474
,I,231017_userI_tripod_01_4.csv,34,phase,107,0.9624129356568865
,I,231017_userI_tripod_01_5.csv,26,phase,122,0.8307349136595581
,I,231017_userI_tripod_01_6.csv,34,phase,103,0.9232694604495347
,I,231017_userI_tripod_01_7.csv,26,phase,112,0.9625253399626837
,I,231019_userI_tripod_01_1.csv,25,phase,138,0.9454065807501165
,I,231019_userI_tripod_01_2.csv,25,abs,123,0.949032279427661
,I,231019_userI_tripod_01_3.csv,27,phase,121,0.9093587431210314
,I,231019_userI_tripod_01_4.csv,26,abs,132,0.9566364220606034
,I,231019_userI_tripod_01_5.csv,48,phase,113,-0.3141706618596241
,I,231019_userI_tripod_01_6.csv,25,phase,128,0.9607402258302911
,I,231019_userI_tripod_01_7.csv,25,phase,111,0.9084982933804234
,I,231024_userI_tripod_01_1.csv,25,abs,131,0.917934967330479
,I,231024_userI_tripod_01_2.csv,49,phase,138,0.42895210641589926
,I,231024_userI_tripod_01_3.csv,22,phase,118,0.9659790043250901
,I,231024_userI_tripod_01_4.csv,29,abs,139,0.912413816270806
,I,231024_userI_tripod_01_5.csv,23,abs,119,0.43952387553183386
,I,231024_userI_tripod_01_6.csv,25,phase,123,0.9467324034831142
,I,231024_userI_tripod_01_7.csv,49,phase,134,0.7977393134911522
,I,231026_userI_tripod_01_1.csv,26,phase,103,0.8837259897167802
,I,231026_userI_tripod_01_2.csv,50,phase,114,0.19992740192166183
,I,231026_userI_tripod_01_3.csv,26,phase,115,0.8760157908063365
,I,231026_userI_tripod_01_4.csv,28,phase,124,0.9644555550791694
,I,231026_userI_tripod_01_5.csv,35,phase,129,0.967646215482108
,I,231026_userI_tripod_01_6.csv,27,abs,139,0.8789982807740372
,I,231026_userI_tripod_01_7.csv,22,phase,131,0.9826394133191234
,I,231114_userI_tripod_01_1.csv,51,phase,146,0.9331989068162071
,I,231114_userI_tripod_01_2.csv,28,abs,152,0.7987860150949284
,I,231114_userI_tripod_01_3.csv,30,phase,127,0.6227842250910521
,I,231114_userI_tripod_01_4.csv,23,abs,131,0.8979747402109248
,I,231114_userI_tripod_01_5.csv,28,abs,125,0.9420790579666987
,I,231114_userI_tripod_01_6.csv,27,phase,123,0.9362440376640632
,I,231114_userI_tripod_01_7.csv,25,phase,148,0.9204760111115847
,I,231114_userI_tripod_02_1.csv,33,abs,94,-0.8935243638088324
,I,231114_userI_tripod_02_2.csv,49,phase,135,0.9691425283783646
,I,231114_userI_tripod_02_3.csv,24,abs,116,0.8291713102667523
,I,231114_userI_tripod_02_4.csv,49,phase,115,0.9675155614363514
,I,231114_userI_tripod_02_5.csv,49,phase,101,0.9475818997587853
,I,231114_userI_tripod_02_6.csv,50,phase,113,0.9468774933787215
,I,231114_userI_tripod_02_7.csv,50,phase,123,0.9572562967905365
,I,231203_userI_tripod_01_0.csv,29,abs,119,0.5729839870649563
,I,231203_userI_tripod_01_1.csv,39,phase,120,0.9006146723925582
,I,231203_userI_tripod_01_2.csv,48,phase,137,0.2948911972379846
,I,231203_userI_tripod_01_3.csv,29,phase,125,0.8670389560446973
,I,231203_userI_tripod_01_4.csv,23,phase,116,0.9147738868187013
,I,231203_userI_tripod_01_5.csv,22,phase,122,0.8509993780932759
,I,231203_userI_tripod_01_6.csv,23,phase,122,0.8145837055145491
,I,231203_userI_tripod_01_7.csv,28,phase,130,0.842181521695447
,I,231205_userI_tripod_01_0.csv,26,phase,119,0.9340161269756431
,I,231205_userI_tripod_01_1.csv,28,phase,119,-0.28612613620247906
,I,231205_userI_tripod_01_2.csv,43,abs,117,0.7288424570586748
,I,231205_userI_tripod_01_3.csv,30,phase,107,0.8047812400405036
,I,231205_userI_tripod_01_4.csv,25,phase,122,0.9063853887578984
,I,231205_userI_tripod_01_5.csv,23,phase,118,0.24451855989122612
,I,231205_userI_tripod_01_6.csv,26,phase,110,0.8679822538569422
,I,231205_userI_tripod_01_7.csv,25,phase,122,0.9086869253427364
,I,240205_userI_tripod_01_1.csv,28,phase,135,0.9234120337941445
,I,240205_userI_tripod_01_2.csv,28,phase,138,0.9576917426056878
,I,240205_userI_tripod_01_3.csv,28,phase,141,0.9654127071240695
,I,240205_userI_tripod_01_4.csv,29,phase,125,0.9136860355058346
,I,240205_userI_tripod_01_5.csv,28,phase,122,0.9681326097656321
,I,240205_userI_tripod_01_6.csv,26,phase,111,0.947871880865291
,I,240205_userI_tripod_01_7.csv,29,phase,122,0.9774704957131796
,I,240213_userI_tripod_01_0.csv,29,phase,136,0.9089821681774376
,I,240213_userI_tripod_01_1.csv,28,phase,116,0.8640981397389884
,I,240213_userI_tripod_01_2.csv,39,phase,118,-0.6710882135491809
,I,240213_userI_tripod_01_3.csv,28,phase,102,0.6067736425987715
,I,240213_userI_tripod_01_4.csv,29,phase,115,0.7432833863738451
,I,240213_userI_tripod_01_5.csv,23,abs,117,0.6362602788309928
,I,240213_userI_tripod_01_6.csv,28,phase,119,0.904917929660235
,I,240213_userI_tripod_01_7.csv,28,phase,140,0.946068085111372
,I,240213_userI_tripod_02_0.csv,38,abs,94,-0.17038963465582535
,I,240213_userI_tripod_02_1.csv,49,abs,117,-0.7622482355637007
,I,240213_userI_tripod_02_2.csv,28,phase,114,0.8283123007026733
,I,240213_userI_tripod_02_3.csv,30,phase,136,0.8575163293555723
,I,240213_userI_tripod_02_4.csv,28,phase,119,0.8620009622699308
,I,240213_userI_tripod_02_5.csv,28,phase,106,0.9351771730194606
,I,240213_userI_tripod_02_6.csv,68,phase,95,0.24029739480241083
,I,240213_userI_tripod_02_7.csv,29,phase,128,0.7768964858027081
,I,240213_userI_tripod_03_0.csv,50,abs,117,-0.7956939307052655
,I,240213_userI_tripod_03_1.csv,44,abs,118,0.8168911186634003
,I,240213_userI_tripod_03_2.csv,50,phase,141,-0.2726647629033403
,I,240213_userI_tripod_03_3.csv,29,phase,148,0.7977314212577618
,I,240213_userI_tripod_03_4.csv,50,phase,131,0.8926085423746077
,I,240213_userI_tripod_03_5.csv,28,phase,134,0.8847161056492943
,I,240213_userI_tripod_03_6.csv,64,phase,134,0.5073324666178786
,I,240213_userI_tripod_03_7.csv,64,phase,114,0.6614727392312714
,I,240213_userI_tripod_04_0.csv,28,abs,138,0.9430119935142898
,I,240213_userI_tripod_04_1.csv,50,phase,121,0.7908315235104533
,I,240213_userI_tripod_04_2.csv,50,abs,117,0.7573602231100752
,I,240213_userI_tripod_04_3.csv,29,abs,117,0.8085492460147985
,I,240213_userI_tripod_04_4.csv,50,abs,138,0.4291782168444648
,I,240213_userI_tripod_04_5.csv,64,phase,129,0.8789103847490547
,I,240213_userI_tripod_04_6.csv,64,abs,115,-0.12252481688272958
,I,240213_userI_tripod_04_7.csv,30,abs,112,0.7930155234294504
,I,240213_userI_tripod_05_0.csv,52,phase,101,0.9264598104485906
,I,240213_userI_tripod_05_1.csv,24,phase,111,0.7174072900546941
,I,240213_userI_tripod_05_2.csv,50,abs,143,0.7955515857672293
,I,240213_userI_tripod_05_3.csv,51,phase,141,0.8999685085967191
,I,240213_userI_tripod_05_4.csv,50,abs,130,0.9424110165056174
,I,240213_userI_tripod_05_5.csv,24,phase,138,0.7479141008548621
,I,240213_userI_tripod_05_6.csv,24,phase,141,0.8195986396640492
,I,240213_userI_tripod_05_7.csv,23,phase,125,0.9397090507923899
,I,240222_userI_tripod_01_0.csv,50,abs,134,0.8473797286620983
,I,240222_userI_tripod_01_1.csv,24,phase,130,0.9667759341607378
,I,240222_userI_tripod_01_2.csv,24,phase,132,0.9588953820838927
,I,240222_userI_tripod_01_3.csv,27,phase,123,0.9289733746892231
,I,240222_userI_tripod_01_4.csv,28,abs,132,0.9129445931165542
,I,240222_userI_tripod_01_5.csv,26,phase,124,0.8604404440245403
,I,240222_userI_tripod_01_6.csv,23,phase,128,0.9233859428627735
,I,240222_userI_tripod_01_7.csv,30,abs,131,0.7638789138337104
,I,240222_userI_tripod_02_0.csv,25,abs,123,0.6827157688965182
,I,240222_userI_tripod_02_1.csv,25,abs,125,0.6061947709865507
,I,240222_userI_tripod_02_2.csv,96,phase,106,0.914072656638834
,I,240222_userI_tripod_02_3.csv,28,phase,117,0.8960138091125326
,I,240222_userI_tripod_02_4.csv,26,phase,136,0.9122630265393895
,I,240222_userI_tripod_02_5.csv,50,abs,129,-0.23050229836232028
,I,240222_userI_tripod_02_6.csv,96,phase,122,0.9384210430221857
,I,240222_userI_tripod_02_7.csv,25,phase,134,0.9117486584118198
,I,240222_userI_tripod_03_1.csv,26,phase,124,0.867449127648922
,I,240222_userI_tripod_03_2.csv,43,phase,125,0.7226771740200805
,I,240222_userI_tripod_03_3.csv,27,phase,120,0.9102555131731627
,I,240222_userI_tripod_03_4.csv,28,abs,120,0.7596821898858164
,I,240222_userI_tripod_03_5.csv,26,abs,111,0.5069340317122633
,I,240222_userI_tripod_03_6.csv,32,phase,120,0.9302035399666718
,I,240222_userI_tripod_03_7.csv,25,phase,96,0.8871332663827156
,I,240222_userI_tripod_04_0.csv,98,abs,137,0.8456894344961369
,I,240222_userI_tripod_04_1.csv,64,abs,119,0.8001648522072593
,I,240222_userI_tripod_04_2.csv,24,abs,129,-0.08711960060713864
,I,240222_userI_tripod_04_3.csv,31,phase,131,0.7630282681261948
,I,240222_userI_tripod_04_4.csv,96,abs,110,0.9313100316066549
,I,240222_userI_tripod_04_5.csv,30,phase,114,0.7807731068517831
,I,240222_userI_tripod_04_6.csv,30,phase,79,0.8375218053118878
,I,240222_userI_tripod_04_7.csv,97,abs,116,0.902377605353719
,J,231012_userJ_tripod_01_1.csv,39,abs,162,0.9588915113515969
,J,231012_userJ_tripod_01_2.csv,24,phase,158,0.9430265434332961
,J,231012_userJ_tripod_01_3.csv,40,abs,155,0.9590829656594008
,J,231012_userJ_tripod_01_4.csv,91,phase,173,0.9815971615167699
,J,231012_userJ_tripod_01_5.csv,53,phase,147,0.945259146866673
,J,231012_userJ_tripod_01_6.csv,92,phase,144,0.9698673507223255
,J,231012_userJ_tripod_01_7.csv,31,phase,163,0.9648201607278291
,J,231026_userJ_tripod_01_1.csv,46,abs,122,0.953105694475952
,J,231026_userJ_tripod_01_2.csv,46,abs,128,0.9738649056642632
,J,231026_userJ_tripod_01_3.csv,47,abs,136,0.9808317938934776
,J,231026_userJ_tripod_01_4.csv,25,phase,142,0.8902362696106805
,J,231026_userJ_tripod_01_5.csv,46,abs,126,0.9749669813321612
,J,231026_userJ_tripod_01_6.csv,27,phase,125,0.8981896812080957
,J,231026_userJ_tripod_01_7.csv,47,abs,106,0.8872457234792946
,J,231026_userJ_tripod_02_0.csv,27,phase,123,0.8710608294931321
,J,231026_userJ_tripod_02_1.csv,25,phase,119,0.5150470352521545
,J,231026_userJ_tripod_02_2.csv,86,phase,105,0.907164213477659
,J,231026_userJ_tripod_02_3.csv,46,abs,128,0.9470742556360132
,J,231026_userJ_tripod_02_4.csv,45,phase,111,0.75527342136729
,J,231026_userJ_tripod_02_5.csv,48,phase,126,0.873043644041986
,J,231026_userJ_tripod_02_6.csv,24,abs,150,0.872050837322937
,J,231026_userJ_tripod_02_7.csv,24,abs,141,0.938572575816814
,J,231026_userJ_tripod_03_0.csv,25,phase,144,0.9351834437288711
,J,231026_userJ_tripod_03_1.csv,47,abs,132,0.798653185548958
,J,231026_userJ_tripod_03_2.csv,47,abs,128,0.9514595552320069
,J,231026_userJ_tripod_03_3.csv,47,abs,137,0.9541510601544969
,J,231026_userJ_tripod_03_4.csv,45,phase,127,0.7366000780990444
,J,231026_userJ_tripod_03_5.csv,48,phase,130,0.9036011174870069
,J,231026_userJ_tripod_03_6.csv,49,phase,129,0.9027801490130978
,J,231026_userJ_tripod_03_7.csv,50,abs,128,0.9096031626423371
,J,231116_userJ_tripod_01_0.csv,47,phase,123,0.906876386102235
,J,231116_userJ_tripod_01_1.csv,48,phase,127,0.860439725365169
,J,231116_userJ_tripod_01_2.csv,54,phase,113,0.9355276581064425
,J,231116_userJ_tripod_01_3.csv,72,phase,116,0.9571243274421528
,J,231116_userJ_tripod_01_4.csv,54,phase,128,0.9648808279259764
,J,231116_userJ_tripod_01_5.csv,66,abs,121,0.9634460268373168
,J,231116_userJ_tripod_01_6.csv,66,abs,125,0.9346581855131217
,J,231116_userJ_tripod_01_7.csv,66,abs,126,0.9632476185099483
,J,231116_userJ_tripod_02_1.csv,22,phase,134,0.9248787319746411
,J,231116_userJ_tripod_02_2.csv,22,phase,121,0.955820266534098
,J,231116_userJ_tripod_02_3.csv,66,abs,116,0.9753526321115219
,J,231116_userJ_tripod_02_4.csv,23,phase,127,0.9336062005179923
,J,231116_userJ_tripod_02_5.csv,22,phase,133,0.9440768474828726
,J,231116_userJ_tripod_02_6.csv,21,phase,119,0.875602299919221
,J,231116_userJ_tripod_02_7.csv,70,abs,124,0.9355021199970416
,J,231130_userJ_tripod_01_1.csv,29,abs,106,0.9385577889676658
,J,231130_userJ_tripod_01_2.csv,30,abs,113,0.9439416373692778
,J,231130_userJ_tripod_01_3.csv,29,abs,110,0.9322620579470089
,J,231130_userJ_tripod_01_4.csv,30,abs,116,0.9332123549472661
,J,231130_userJ_tripod_01_5.csv,30,abs,100,0.8968165940638746
,J,231130_userJ_tripod_01_6.csv,29,phase,119,0.7800901760975537
,J,231130_userJ_tripod_01_7.csv,28,abs,115,0.9196274525024463
,J,231130_userJ_tripod_02_0.csv,46,phase,121,0.9649654412941293
,J,231130_userJ_tripod_02_1.csv,28,abs,124,0.6938548021639324
,J,231130_userJ_tripod_02_2.csv,27,abs,122,0.9408104303189734
,J,231130_userJ_tripod_02_3.csv,47,phase,115,0.9729416795431479
,J,231130_userJ_tripod_02_4.csv,46,phase,112,0.8978534101605999
,J,231130_userJ_tripod_02_5.csv,47,phase,103,0.950673301262144
,J,231130_userJ_tripod_02_6.csv,46,phase,137,0.9655722589376925
,J,231130_userJ_tripod_02_7.csv,46,phase,119,0.9755171924482963
,J,231203_userJ_tripod_01_1.csv,48,phase,120,0.9718005506667147
,J,231203_userJ_tripod_01_2.csv,49,phase,135,0.9802309354631642
,J,231203_userJ_tripod_01_3.csv,49,phase,123,0.9729380501615515
,J,231203_userJ_tripod_01_4.csv,48,phase,117,0.981415895318976
,J,231203_userJ_tripod_01_5.csv,49,phase,112,0.9806086641651414
,J,231203_userJ_tripod_01_6.csv,49,phase,114,0.9797879834852633
,J,231203_userJ_tripod_01_7.csv,49,phase,121,0.983341027731836
,J,231203_userJ_tripod_02_0.csv,47,phase,121,-0.9177415609098137
,J,231203_userJ_tripod_02_1.csv,29,phase,131,0.9592132401305868
,J,231203_userJ_tripod_02_2.csv,29,phase,136,0.9834672220935733
,J,231203_userJ_tripod_02_3.csv,50,abs,131,0.9313808201315795
,J,231203_userJ_tripod_02_4.csv,28,phase,127,0.9258204720182446
,J,231203_userJ_tripod_02_5.csv,51,abs,132,0.9282479529761575
,J,231203_userJ_tripod_02_6.csv,30,phase,118,0.9276518158600119
,J,231203_userJ_tripod_02_7.csv,29,phase,132,0.9574845060344643
,J,231203_userJ_tripod_03_1.csv,48,phase,127,0.9693520187547184
,J,231203_userJ_tripod_03_2.csv,27,abs,121,0.6984334794200666
,J,231203_userJ_tripod_03_3.csv,48,phase,139,0.9529842544088933
,J,231203_userJ_tripod_03_4.csv,50,abs,125,0.9809674249119643
,J,231203_userJ_tripod_03_5.csv,46,phase,146,0.9533205445941503
,J,231203_userJ_tripod_03_6.csv,46,phase,138,0.847354971790997
,J,231203_userJ_tripod_03_7.csv,48,phase,132,0.9750132824676939
,J,231205_userJ_tripod_01_1.csv,24,phase,139,0.9697379080368164
,J,231205_userJ_tripod_01_2.csv,29,abs,141,0.8684656691051306
,J,231205_userJ_tripod_01_3.csv,29,abs,152,0.9679088783685493
,J,231205_userJ_tripod_01_4.csv,48,phase,127,0.9716150743535857
,J,231205_userJ_tripod_01_5.csv,28,abs,133,0.9853205598814083
,J,231205_userJ_tripod_01_6.csv,29,abs,129,0.9230210675101275
,J,231205_userJ_tripod_01_7.csv,25,phase,126,0.9478660816806685
,J,231205_userJ_tripod_02_1.csv,25,phase,135,0.9839910549433617
,J,231205_userJ_tripod_02_2.csv,27,phase,131,0.9760540665082716
,J,231205_userJ_tripod_02_3.csv,25,phase,123,0.947228892995666
,J,231205_userJ_tripod_02_4.csv,28,phase,138,0.9821440748709006
,J,231205_userJ_tripod_02_5.csv,27,phase,145,0.9788191571965698
,J,231205_userJ_tripod_02_6.csv,26,phase,162,0.9721380497022737
,J,231205_userJ_tripod_02_7.csv,24,phase,144,0.9093457372456838
,J,240213_userJ_tripod_01_0.csv,36,abs,128,-0.9482988723472852
,J,240213_userJ_tripod_01_1.csv,43,phase,131,0.9825600727971678
,J,240213_userJ_tripod_01_2.csv,43,phase,116,0.9701992238104963
,J,240213_userJ_tripod_01_3.csv,44,phase,127,0.9612606779769141
,J,240213_userJ_tripod_01_4.csv,30,phase,140,0.968031940837072
,J,240213_userJ_tripod_01_5.csv,44,phase,124,0.9715191106389599
,J,240213_userJ_tripod_01_6.csv,44,phase,111,0.9370045443985621
,J,240213_userJ_tripod_01_7.csv,43,phase,121,0.9447621679479923
,J,240213_userJ_tripod_02_0.csv,18,phase,139,0.9137182832088396
,J,240213_userJ_tripod_02_1.csv,17,phase,125,0.9278522555415116
,J,240213_userJ_tripod_02_2.csv,40,phase,113,0.9362302227342277
,J,240213_userJ_tripod_02_3.csv,22,abs,103,0.7792160315033317
,J,240213_userJ_tripod_02_4.csv,23,abs,133,0.8671854923372617
,J,240213_userJ_tripod_02_5.csv,51,abs,148,0.9181443708752429
,J,240213_userJ_tripod_02_6.csv,43,abs,115,-0.8426789939961454
,J,240213_userJ_tripod_02_7.csv,23,phase,124,0.7449310213434697
,J,240213_userJ_tripod_03_0.csv,52,abs,153,0.9515647898812837
,J,240213_userJ_tripod_03_1.csv,57,phase,151,0.9052396944528678
,J,240213_userJ_tripod_03_2.csv,21,phase,119,0.897166382372473
,J,240213_userJ_tripod_03_3.csv,20,phase,129,0.8659932053723044
,J,240213_userJ_tripod_03_4.csv,22,phase,127,0.9335916000431108
,J,240213_userJ_tripod_03_5.csv,51,abs,136,0.9391749453384947
,J,240213_userJ_tripod_03_6.csv,23,phase,136,0.9593890105195844
,J,240213_userJ_tripod_03_7.csv,21,phase,135,0.9497362013108737
