,tripod_mobivital_pre_invert_0.9.txt
240409_userG_tripod_02_3.csv,0.9707393405930599
240412_userG_tripod_04_1.csv,0.9673463338953673
240409_userG_tripod_05_3.csv,0.9282464336994667
240403_userG_tripod_03_4.csv,0.9528589415689257
240205_userI_tripod_01_7.csv,0.9774705486205881
240229_userH_tripod_02_5.csv,0.8914263077407183
231026_userJ_tripod_01_4.csv,0.9765345009584644
231019_userH_tripod_01_2.csv,0.9537561463159222
231116_userJ_tripod_02_7.csv,0.9355021199970416
240412_userG_tripod_03_0.csv,0.9745076353930212
240412_userG_tripod_01_6.csv,0.9110260860177245
231116_userJ_tripod_02_1.csv,0.9713613809245535
231003_userI_tripod_01_6.csv,0.8145837043595976
240229_userH_tripod_01_0.csv,0.7125521250281094
231012_userI_tripod_01_4.csv,0.9417827166057453
240213_userI_tripod_02_4.csv,0.8751149577542237
240222_userI_tripod_04_0.csv,0.6498931175285363
240403_userH_tripod_03_7.csv,0.7377549564895524
240213_userJ_tripod_01_6.csv,0.9657010717070899
240403_userH_tripod_01_2.csv,0.5789078112344107
240213_userJ_tripod_01_1.csv,0.9825600739321897
240409_userG_tripod_04_3.csv,0.8239903238406746
240412_userG_tripod_02_0.csv,0.9582735572961613
231114_userI_tripod_02_1.csv,0.9779772405074675
240222_userI_tripod_04_1.csv,0.8569800913318514
231026_userG_tripod_01_3.csv,0.9503721523946662
240409_userG_tripod_01_2.csv,0.9427491955463283
240403_userH_tripod_03_6.csv,0.6581174143558529
240403_userG_tripod_03_1.csv,0.9466915862691214
231005_userJ_tripod_01_6.csv,0.9230210675101278
240213_userI_tripod_02_3.csv,0.7210703438802823
240229_userH_tripod_02_0.csv,0.08284478394439755
240409_userH_tripod_02_5.csv,0.6388548125045129
240213_userJ_tripod_01_3.csv,0.9612606719285952
240412_userG_tripod_04_5.csv,0.9445625589345523
231114_userI_tripod_01_5.csv,0.9154744696496254
240229_userH_tripod_01_4.csv,0.8850596969906523
240229_userH_tripod_01_1.csv,0.06439412486143935
231017_userI_tripod_01_6.csv,0.9232694650317215
240213_userJ_tripod_01_7.csv,0.9447621706531595
240222_userI_tripod_02_0.csv,0.6827157688965184
240412_userG_tripod_01_1.csv,0.9697089664060937
231116_userJ_tripod_02_2.csv,0.9558202680993835
240205_userI_tripod_01_5.csv,0.9681326120692506
231116_userJ_tripod_02_5.csv,0.9440768477825351
240409_userG_tripod_02_6.csv,0.9823023314691832
240213_userJ_tripod_03_5.csv,0.952836147339984
240409_userH_tripod_01_2.csv,0.9209173310368376
240213_userI_tripod_05_5.csv,0.7479140973654789
240409_userG_tripod_03_0.csv,0.8193265916732808
240229_userH_tripod_03_7.csv,0.9168156927464808
231005_userJ_tripod_01_2.csv,0.9517575938799471
231026_userG_tripod_01_1.csv,0.9200459887526162
240409_userH_tripod_02_3.csv,0.9030223958226877
231005_userJ_tripod_01_1.csv,0.958417508888418
231017_userI_tripod_01_3.csv,0.9658176145021076
240213_userJ_tripod_03_1.csv,0.9575436055920363
231003_userI_tripod_01_3.csv,0.8833125073682508
240403_userH_tripod_05_0.csv,0.8296869439491764
240213_userJ_tripod_01_5.csv,0.9715191066730079
231116_userJ_tripod_01_4.csv,0.9648808424240658
231019_userG_tripod_01_4.csv,0.9720823255081493
240403_userH_tripod_04_4.csv,0.9347177093633926
231019_userH_tripod_01_4.csv,0.9241989976357071
240403_userG_tripod_01_4.csv,0.9588445707966626
240409_userG_tripod_03_5.csv,0.8963421859617619
240403_userG_tripod_01_7.csv,0.9738428292138058
240412_userG_tripod_01_7.csv,0.933396862599862
240222_userI_tripod_03_1.csv,0.8465911138413289
231114_userI_tripod_01_3.csv,0.7660212189767052
231026_userG_tripod_01_6.csv,0.9640179424226699
240409_userH_tripod_01_1.csv,0.9612739015388524
240403_userG_tripod_01_1.csv,0.909147656576038
231024_userI_tripod_01_4.csv,0.936683521611085
240403_userG_tripod_03_6.csv,0.9623396560389013
240403_userH_tripod_02_6.csv,0.8983544149927298
240213_userI_tripod_03_0.csv,-0.7956939307052642
231130_userJ_tripod_01_1.csv,0.9485983552073567
240409_userG_tripod_03_6.csv,0.9233482622704532
240416_userH_tripod_01_4.csv,0.30568096977806136
240205_userI_tripod_01_3.csv,0.9613835040413037
240409_userG_tripod_03_1.csv,0.9300228970116211
240229_userH_tripod_01_5.csv,0.32281837817357417
240213_userJ_tripod_01_2.csv,0.9701992299126693
231012_userI_tripod_01_1.csv,0.9479840207647643
231026_userG_tripod_02_6.csv,0.9792345545232997
231012_userJ_tripod_01_5.csv,0.9575388138189715
231026_userJ_tripod_01_2.csv,0.9809177481942718
240222_userI_tripod_02_3.csv,0.9294947479693262
231017_userI_tripod_01_7.csv,0.9395107132316302
231019_userG_tripod_01_1.csv,0.956654329872659
240229_userH_tripod_04_5.csv,-0.3884491747583099
240229_userH_tripod_05_2.csv,0.8999886265840313
240409_userG_tripod_05_6.csv,0.9666762425295521
240416_userH_tripod_03_7.csv,0.8769798150068419
231019_userG_tripod_01_3.csv,0.9757562837004746
240222_userI_tripod_02_4.csv,0.8797017897569392
240229_userH_tripod_03_4.csv,0.9045073713096121
231019_userI_tripod_01_4.csv,0.862556039507757
231026_userJ_tripod_01_1.csv,0.9793261154258938
231130_userJ_tripod_01_3.csv,0.9322620579470089
240412_userG_tripod_02_5.csv,0.9479522727330679
240412_userG_tripod_03_4.csv,0.9822518656991953
240213_userI_tripod_03_5.csv,0.884715696923066
240213_userI_tripod_02_2.csv,0.884561135559362
231024_userI_tripod_01_1.csv,0.6370867678643463
240229_userH_tripod_03_1.csv,0.9375575926700913
231012_userI_tripod_01_3.csv,0.10089975667773446
240213_userI_tripod_01_4.csv,0.71422117747567
231026_userJ_tripod_02_7.csv,0.9385725758168144
240412_userG_tripod_04_7.csv,0.9434979698434246
240213_userI_tripod_02_6.csv,0.24029737352239142
240403_userH_tripod_03_5.csv,0.9545438792056142
231130_userJ_tripod_01_2.csv,0.9439416373692788
240213_userJ_tripod_02_3.csv,0.7792160315033309
231003_userI_tripod_01_4.csv,0.9147738797752424
240222_userI_tripod_01_0.csv,0.9053095840853544
240213_userJ_tripod_02_4.csv,0.8671854923372614
240403_userG_tripod_04_3.csv,0.9573023714719415
231026_userJ_tripod_03_0.csv,0.9628231965804849
240213_userI_tripod_02_1.csv,0.9210282597299637
240409_userG_tripod_01_3.csv,0.9141097711610062
240416_userH_tripod_04_2.csv,0.8681531416804034
240403_userH_tripod_02_0.csv,0.5243588833412165
240409_userG_tripod_02_7.csv,0.9328081114670572
231026_userG_tripod_01_7.csv,0.9597783424125105
240409_userG_tripod_03_3.csv,0.9072735359705697
231026_userJ_tripod_02_4.csv,0.8007066309290037
240416_userH_tripod_04_3.csv,0.5377152959318212
231003_userJ_tripod_03_7.csv,0.9750132813944362
240229_userH_tripod_04_6.csv,0.06878636610318498
231005_userJ_tripod_02_3.csv,0.9539743759181917
240403_userH_tripod_01_3.csv,0.6203226771423174
240229_userH_tripod_03_3.csv,0.7791706914133883
231116_userJ_tripod_02_6.csv,0.8756023011104621
240229_userH_tripod_03_2.csv,0.6539987300314768
240412_userG_tripod_03_1.csv,0.9813952121715709
240222_userI_tripod_02_5.csv,0.6700884960737674
240409_userH_tripod_03_1.csv,0.8799758574943268
231019_userH_tripod_01_7.csv,0.9569341546655757
240409_userH_tripod_02_7.csv,0.19909606352461418
240416_userH_tripod_02_1.csv,0.9504936765908403
240213_userI_tripod_03_4.csv,0.8926086562469355
240403_userG_tripod_05_4.csv,0.9779568745887165
231003_userI_tripod_01_5.csv,0.668129568632689
231019_userG_tripod_01_2.csv,0.9308821094649554
240213_userI_tripod_04_7.csv,0.8150960064240145
231005_userJ_tripod_01_5.csv,0.9856572874330011
231026_userG_tripod_01_5.csv,0.9697464194233831
240409_userG_tripod_03_2.csv,0.8878837125171821
231012_userJ_tripod_01_7.csv,0.977663394948849
240403_userH_tripod_03_3.csv,0.8532045139711446
231003_userJ_tripod_03_5.csv,0.9533203316449438
231026_userJ_tripod_03_6.csv,0.9027801432013722
240213_userJ_tripod_02_1.csv,0.9278522523295035
240409_userH_tripod_03_4.csv,0.6578190458872879
240213_userI_tripod_05_0.csv,0.9264598116655723
231130_userJ_tripod_01_6.csv,0.9374909545803369
240229_userH_tripod_05_0.csv,0.7580819170826579
240403_userH_tripod_04_5.csv,0.5835297677288206
240403_userG_tripod_02_2.csv,0.9400431794041428
231012_userJ_tripod_01_2.csv,0.9252034918222176
240403_userH_tripod_04_3.csv,0.8757103199478897
231026_userJ_tripod_01_5.csv,0.9749669813321619
240403_userH_tripod_05_2.csv,0.9195942551423406
231003_userJ_tripod_01_1.csv,0.96777100270392
240229_userH_tripod_01_7.csv,0.17732007527555899
240213_userI_tripod_04_4.csv,0.4291782168444641
240416_userH_tripod_04_6.csv,0.8336566907898604
240409_userG_tripod_01_7.csv,0.9664071567891774
240213_userI_tripod_02_5.csv,0.9351783397931647
231114_userI_tripod_02_4.csv,0.9675155596085063
231130_userJ_tripod_02_0.csv,0.9649654507800426
231005_userJ_tripod_02_2.csv,0.9729902983740253
240213_userJ_tripod_02_6.csv,0.6698812674319086
240403_userH_tripod_02_3.csv,0.6807551588058328
240403_userH_tripod_03_1.csv,0.886083865903926
240229_userH_tripod_05_4.csv,0.8236847607755933
231003_userJ_tripod_03_3.csv,0.9683631280577636
240409_userG_tripod_05_5.csv,0.9632097043560166
240205_userI_tripod_01_2.csv,0.9576917475269926
231026_userG_tripod_02_2.csv,0.9378670788832547
240229_userH_tripod_02_3.csv,0.8294957289937386
240222_userI_tripod_01_3.csv,0.9496929121973243
240229_userH_tripod_04_4.csv,0.8462610885296082
240229_userH_tripod_01_6.csv,-0.035190413568868165
231026_userJ_tripod_02_1.csv,0.5148329425926005
240213_userI_tripod_05_3.csv,0.8626972154739672
240229_userH_tripod_04_0.csv,0.8048675461659721
240222_userI_tripod_02_1.csv,0.9200219375570108
231024_userI_tripod_01_6.csv,0.9467324027321615
231017_userI_tripod_01_1.csv,0.937538950649568
240213_userJ_tripod_01_0.csv,0.9505771891221138
240403_userH_tripod_03_4.csv,0.8961014738717504
231005_userI_tripod_01_0.csv,0.9256176449839668
231003_userJ_tripod_02_4.csv,0.9258204702339702
231130_userJ_tripod_02_2.csv,0.9534687374385054
231019_userI_tripod_01_2.csv,0.9490322794276611
231026_userG_tripod_02_1.csv,0.9787590109453186
231003_userJ_tripod_01_5.csv,0.9806086642345768
231116_userJ_tripod_01_0.csv,0.9068763943241909
240229_userH_tripod_05_6.csv,0.9129018614201323
240403_userH_tripod_03_0.csv,0.9323839729316846
231003_userI_tripod_01_7.csv,0.9110899499438678
240403_userG_tripod_02_5.csv,0.891054781826187
231003_userJ_tripod_02_1.csv,0.9592132417824834
231026_userG_tripod_01_2.csv,0.9426330595045634
231003_userI_tripod_01_2.csv,0.43143731618339476
240213_userI_tripod_01_5.csv,0.8843190442325731
231114_userI_tripod_02_6.csv,0.946877488153103
240229_userH_tripod_04_7.csv,0.8109513532504398
240205_userI_tripod_01_4.csv,0.9136860489811449
231024_userI_tripod_01_3.csv,0.9659790040855166
240403_userG_tripod_03_7.csv,0.9610132605518372
231116_userJ_tripod_01_2.csv,0.9355276507698838
240213_userI_tripod_05_2.csv,0.79555158576723
231116_userJ_tripod_02_4.csv,0.9648610347292959
231026_userI_tripod_01_1.csv,-0.8837968401116072
240213_userI_tripod_01_3.csv,0.8880061448197607
240222_userI_tripod_03_5.csv,0.506934031712263
240222_userI_tripod_03_7.csv,0.8871332724652062
240416_userH_tripod_02_0.csv,0.914287834429296
231017_userI_tripod_01_0.csv,0.8066160896539825
231017_userI_tripod_01_2.csv,0.8211539173721292
240213_userJ_tripod_03_3.csv,0.8659942639758734
240403_userG_tripod_03_5.csv,0.881535075776689
231114_userI_tripod_01_7.csv,0.9204760092719773
240229_userH_tripod_02_6.csv,0.6155130745890391
231026_userJ_tripod_02_3.csv,0.947074255636013
231019_userG_tripod_01_7.csv,0.9380321767785926
240403_userG_tripod_02_1.csv,0.9353003142557537
240409_userG_tripod_05_1.csv,0.9544010757998814
240416_userH_tripod_01_1.csv,0.7281458992089749
231026_userJ_tripod_01_7.csv,0.8872457234792943
231005_userI_tripod_01_5.csv,0.9611226701827129
240403_userH_tripod_01_4.csv,0.8964289430602553
240222_userI_tripod_01_7.csv,0.8094492644222908
240412_userG_tripod_01_3.csv,0.8981938112459563
240409_userG_tripod_04_0.csv,0.9047922896872164
240403_userG_tripod_03_0.csv,0.8728658561008638
231005_userI_tripod_01_7.csv,0.9301120862287235
231116_userJ_tripod_01_7.csv,0.9213122826186205
240222_userI_tripod_01_2.csv,0.9588953824686571
231026_userG_tripod_02_7.csv,0.9782913099326986
240213_userI_tripod_01_0.csv,0.9089821656788698
231003_userJ_tripod_01_6.csv,0.9375028758648506
240403_userH_tripod_02_5.csv,0.7647396412200129
240403_userG_tripod_05_2.csv,0.9612585873189435
240403_userG_tripod_02_7.csv,0.8789579235920246
240229_userH_tripod_05_5.csv,0.7579776206761896
240213_userI_tripod_02_7.csv,0.8899550263332887
231012_userI_tripod_01_5.csv,0.940204922505716
231003_userJ_tripod_02_5.csv,0.9509804009619391
240403_userG_tripod_02_0.csv,0.9607861372146885
240416_userH_tripod_02_3.csv,0.9290808610099773
240409_userH_tripod_02_1.csv,0.8505903216867405
240412_userG_tripod_04_0.csv,0.4345953832753706
240416_userH_tripod_01_6.csv,0.9012708072903665
240222_userI_tripod_01_1.csv,0.9667759333793253
231116_userJ_tripod_01_1.csv,0.8879152710903269
240222_userI_tripod_02_6.csv,0.9384210439710482
240213_userI_tripod_03_7.csv,-0.2063082172713884
240222_userI_tripod_04_4.csv,0.9222341324999886
240403_userG_tripod_05_0.csv,0.9088294771043377
240416_userH_tripod_03_2.csv,0.869047640123791
240412_userG_tripod_03_2.csv,0.9845175069152269
240229_userH_tripod_03_5.csv,0.7200335702203936
231012_userJ_tripod_01_4.csv,0.9590676285526321
240403_userG_tripod_01_2.csv,0.9299816281390639
231019_userG_tripod_01_6.csv,0.9715275657732777
231003_userJ_tripod_02_7.csv,0.9574845035996193
240409_userG_tripod_02_2.csv,0.9465295301547366
240403_userG_tripod_01_3.csv,0.9471131042882656
240403_userH_tripod_01_1.csv,0.9516914535973696
240412_userG_tripod_01_4.csv,0.9657961734681656
240409_userG_tripod_05_4.csv,0.9435517357359317
231114_userI_tripod_01_4.csv,0.9053425933282242
240213_userJ_tripod_02_2.csv,0.9362302236002362
240409_userH_tripod_03_7.csv,0.863431293012023
231116_userJ_tripod_01_5.csv,0.963446026837317
240213_userI_tripod_04_3.csv,0.7345988198237668
240403_userG_tripod_03_2.csv,0.9493788421327193
231130_userJ_tripod_01_5.csv,0.8968165940638755
231019_userG_tripod_01_0.csv,0.9205903428361183
240403_userH_tripod_02_1.csv,0.8765178826042633
240229_userH_tripod_02_7.csv,0.7144928321411734
231005_userJ_tripod_02_4.csv,0.9742475340471989
240205_userI_tripod_01_1.csv,0.9385895961878797
231005_userI_tripod_01_2.csv,0.7729667040383095
240409_userH_tripod_01_5.csv,0.8924613926918012
231026_userG_tripod_02_3.csv,0.9455586621502614
240403_userG_tripod_04_4.csv,0.9672362376269289
231116_userJ_tripod_01_6.csv,0.9346581855131224
240403_userG_tripod_05_6.csv,0.9630440052587455
240205_userI_tripod_01_6.csv,0.9283960936312019
231019_userH_tripod_01_1.csv,0.5953194117016073
240403_userH_tripod_05_7.csv,0.866722945982941
231130_userJ_tripod_01_4.csv,0.933212354947266
240416_userH_tripod_01_2.csv,0.6746091415139726
240403_userH_tripod_05_1.csv,0.25307867431733433
240403_userH_tripod_04_6.csv,0.012222063121325913
231026_userJ_tripod_03_4.csv,0.8466099925200016
240403_userG_tripod_04_0.csv,0.8867256036741842
231026_userJ_tripod_02_2.csv,0.9071642103153711
240412_userG_tripod_01_2.csv,0.96914054585805
231012_userI_tripod_01_7.csv,0.8868934347976036
240403_userH_tripod_05_6.csv,0.08242772313162809
240213_userI_tripod_02_0.csv,0.3637623448696701
240412_userG_tripod_04_4.csv,0.7197486197950378
240403_userH_tripod_05_5.csv,0.8478820535008202
231003_userJ_tripod_03_1.csv,0.9693520187161888
231005_userI_tripod_01_1.csv,0.9827906419967861
240409_userG_tripod_01_1.csv,0.922756782852264
231130_userJ_tripod_02_3.csv,0.9616775244772563
240403_userG_tripod_01_5.csv,0.9582389432949618
231024_userI_tripod_01_2.csv,0.42895194012712334
240409_userG_tripod_02_5.csv,0.9731397956247686
240403_userG_tripod_01_6.csv,0.960790039257624
231026_userJ_tripod_02_6.csv,0.9553763234122635
231019_userI_tripod_01_5.csv,-0.3141706910726994
240409_userH_tripod_02_2.csv,0.9147960148251488
240416_userH_tripod_04_4.csv,-0.10356745901977782
240403_userH_tripod_04_1.csv,0.8287011044658484
231026_userJ_tripod_01_6.csv,0.8885313405459283
231024_userI_tripod_01_5.csv,0.8557137296721333
231012_userI_tripod_01_6.csv,0.9582905020943429
231019_userI_tripod_01_3.csv,0.9093587452704347
231026_userI_tripod_01_6.csv,0.9668407781598093
231114_userI_tripod_02_3.csv,0.9788290210431054
240416_userH_tripod_01_5.csv,0.7767389543254568
240222_userI_tripod_04_3.csv,0.6997749507011517
231114_userI_tripod_02_7.csv,0.9572562936314727
240416_userH_tripod_02_5.csv,0.9518192933411096
240403_userH_tripod_02_7.csv,0.8943168031505905
231003_userJ_tripod_03_2.csv,0.9431723725399365
240416_userH_tripod_04_5.csv,0.9407178597668633
231026_userI_tripod_01_7.csv,0.9826394142967882
231005_userJ_tripod_01_3.csv,0.9701082250185116
231019_userH_tripod_01_3.csv,0.8669614872226906
231026_userI_tripod_01_2.csv,0.1999274225713269
240409_userG_tripod_02_1.csv,0.8057092454997147
231005_userI_tripod_01_4.csv,0.920860204557598
231114_userI_tripod_02_5.csv,0.9475818958126048
240409_userG_tripod_01_0.csv,0.9545602084056236
240416_userH_tripod_02_4.csv,0.9611033179388919
240222_userI_tripod_03_4.csv,0.7596821898858164
231026_userJ_tripod_03_5.csv,0.9347394460714694
231012_userJ_tripod_01_6.csv,0.9698673504853417
231026_userG_tripod_02_4.csv,0.986674675446105
240229_userH_tripod_04_1.csv,0.9198314445853919
240403_userG_tripod_02_4.csv,0.9187315089769906
240409_userH_tripod_01_7.csv,0.38336626650775496
231026_userI_tripod_01_4.csv,0.9644555804251915
240412_userG_tripod_01_5.csv,0.940741061936514
240412_userG_tripod_02_3.csv,0.9589866649580415
240409_userG_tripod_03_7.csv,0.9093231405725429
231019_userI_tripod_01_7.csv,0.9084982924969236
231012_userI_tripod_01_2.csv,0.9440896128937145
240416_userH_tripod_03_3.csv,0.8658444248477172
240409_userH_tripod_01_0.csv,0.9354110126141134
240403_userG_tripod_05_5.csv,0.9257944064345659
240222_userI_tripod_01_6.csv,0.9087682647150199
240409_userG_tripod_04_2.csv,0.6847831973043932
240403_userH_tripod_04_7.csv,0.8233822958030783
240222_userI_tripod_02_2.csv,0.658862925733839
240403_userG_tripod_04_1.csv,0.9316453379291387
240409_userG_tripod_02_0.csv,0.5268935502745611
231026_userJ_tripod_02_0.csv,0.9662390727863234
240409_userH_tripod_01_3.csv,0.9454144564651156
240412_userG_tripod_03_3.csv,0.9748739131867494
240229_userH_tripod_02_2.csv,0.6396865559068706
240403_userH_tripod_02_2.csv,0.029872463775367643
240213_userJ_tripod_03_4.csv,0.933591556803729
231012_userJ_tripod_01_3.csv,0.9700529276729069
240409_userG_tripod_01_5.csv,0.9523746726360802
240412_userG_tripod_04_3.csv,0.9447787325142678
240213_userI_tripod_04_5.csv,0.8789120653310195
240403_userH_tripod_03_2.csv,0.8602279457166055
240229_userH_tripod_02_4.csv,0.12881165428576868
240412_userG_tripod_02_1.csv,0.8742540422622841
240409_userG_tripod_05_0.csv,0.9194182387583646
231012_userJ_tripod_01_1.csv,0.9588915113515973
240222_userI_tripod_04_2.csv,-0.05570197813407841
240229_userH_tripod_03_0.csv,0.8730890902861674
231026_userG_tripod_02_5.csv,0.9808289170608495
240213_userJ_tripod_03_7.csv,0.949736204574742
231026_userI_tripod_01_5.csv,0.9676462197002168
240409_userG_tripod_01_6.csv,0.9583905546900695
240222_userI_tripod_04_7.csv,0.9273241249851117
240229_userH_tripod_03_6.csv,0.8885809611951044
240403_userH_tripod_05_4.csv,0.9555521205461808
240213_userI_tripod_04_6.csv,-0.1225248168827297
240409_userH_tripod_03_3.csv,-0.16085291744485775
231003_userJ_tripod_01_3.csv,0.9729380504192174
231130_userJ_tripod_02_1.csv,0.9108590082570064
240409_userG_tripod_03_4.csv,0.5646298778779132
231026_userJ_tripod_03_3.csv,0.9541510601544968
231019_userI_tripod_01_1.csv,0.9454065809376468
240213_userJ_tripod_01_4.csv,0.9680319422174145
231005_userJ_tripod_01_4.csv,0.9716150984415061
240409_userH_tripod_02_6.csv,0.3655043350270592
240409_userG_tripod_04_6.csv,0.8548353287043766
240416_userH_tripod_03_4.csv,0.8894839825060951
240409_userH_tripod_01_4.csv,0.9143644505533308
240403_userG_tripod_05_1.csv,0.870780940235115
240213_userI_tripod_01_1.csv,0.8640982295513522
240222_userI_tripod_04_6.csv,0.8375218132364167
240403_userH_tripod_05_3.csv,0.9714904919004167
240403_userG_tripod_01_0.csv,0.9098414091102832
231130_userJ_tripod_02_7.csv,0.973547268373077
231003_userI_tripod_01_1.csv,0.9006146624776702
240412_userG_tripod_02_2.csv,0.8475200906153503
240213_userI_tripod_03_3.csv,0.7977325571606959
240412_userG_tripod_01_0.csv,0.9443478376859643
240213_userI_tripod_04_1.csv,0.5525873622108775
240403_userH_tripod_02_4.csv,0.785481402669474
240409_userG_tripod_04_7.csv,0.776864335479749
240403_userG_tripod_05_7.csv,0.9016033600393047
231116_userJ_tripod_01_3.csv,0.9185638203850919
240412_userG_tripod_03_7.csv,0.9476669368506028
240213_userI_tripod_05_6.csv,0.8195986291901903
240213_userJ_tripod_02_5.csv,0.9155604605986687
231026_userG_tripod_01_4.csv,0.9572051998263942
240416_userH_tripod_03_5.csv,0.5020989090167179
231024_userI_tripod_01_7.csv,0.5927018966969724
240229_userH_tripod_05_1.csv,0.867218842493037
231003_userJ_tripod_03_6.csv,0.9490619735031979
240416_userH_tripod_02_2.csv,0.9544917614388341
240416_userH_tripod_04_7.csv,-0.33308072916427767
240416_userH_tripod_01_3.csv,0.7140758599412557
231003_userI_tripod_01_0.csv,0.6054409686754547
231003_userJ_tripod_03_4.csv,0.9843604921919945
231003_userJ_tripod_02_6.csv,0.9251255392318507
240409_userH_tripod_02_4.csv,0.24185749771054288
240409_userH_tripod_01_6.csv,0.7655463716969602
240213_userI_tripod_03_6.csv,0.8950016438166559
240403_userG_tripod_04_6.csv,0.9309557174781049
231005_userI_tripod_01_3.csv,0.8047812384521915
231017_userI_tripod_01_4.csv,0.9624129471435674
240213_userJ_tripod_02_7.csv,0.7639786035587156
240229_userH_tripod_05_3.csv,0.49827035955112775
240416_userH_tripod_01_7.csv,0.7070265275277732
231012_userI_tripod_01_0.csv,0.9750903320044632
240222_userI_tripod_02_7.csv,0.9117486560825447
231003_userJ_tripod_01_7.csv,0.9833410275871343
240403_userG_tripod_03_3.csv,0.934761973336999
231005_userJ_tripod_02_5.csv,0.9807820630762254
240412_userG_tripod_04_6.csv,0.9480084869984128
240403_userG_tripod_05_3.csv,0.9217059232284368
231005_userJ_tripod_02_1.csv,0.9864937739977767
240229_userH_tripod_01_2.csv,0.9087484722244595
240403_userG_tripod_04_2.csv,0.9668405396178711
240229_userH_tripod_01_3.csv,0.07532743750706182
231005_userI_tripod_01_6.csv,0.8679822542093919
240213_userI_tripod_04_0.csv,0.9430119935142891
240412_userG_tripod_03_6.csv,0.9742651822024303
240213_userI_tripod_01_6.csv,0.9480685471980244
231019_userI_tripod_01_6.csv,0.9503743203451579
240229_userH_tripod_02_1.csv,0.2742182634010794
240213_userI_tripod_03_2.csv,-0.2726652761574492
231003_userJ_tripod_01_2.csv,0.9799133719974553
231114_userI_tripod_01_2.csv,0.8477876823190144
231026_userJ_tripod_03_2.csv,0.8412982178974552
240213_userI_tripod_01_2.csv,-0.8155231775007099
240412_userG_tripod_02_4.csv,0.9663940703714048
240229_userH_tripod_04_3.csv,0.7299468303719795
240409_userH_tripod_02_0.csv,0.8376523271546604
231130_userJ_tripod_02_4.csv,0.8978533852197109
231003_userJ_tripod_01_4.csv,0.9648404721470792
240403_userH_tripod_04_0.csv,0.36058259888575667
240412_userG_tripod_02_7.csv,0.930587282741707
240222_userI_tripod_04_5.csv,0.7807730928859066
231026_userJ_tripod_02_5.csv,0.8232206415597043
240409_userG_tripod_02_4.csv,0.9644515358210264
231026_userJ_tripod_03_7.csv,0.9012696885831497
240222_userI_tripod_03_2.csv,0.7226771682037207
240222_userI_tripod_01_5.csv,0.8604404874394275
240229_userH_tripod_04_2.csv,0.8867868346855768
240222_userI_tripod_01_4.csv,0.9417089055204244
240222_userI_tripod_03_3.csv,0.9102555124568044
240409_userH_tripod_03_5.csv,0.6707115176294375
240403_userH_tripod_01_6.csv,0.7780016989786412
240412_userG_tripod_03_5.csv,0.9664510431321519
231114_userI_tripod_01_6.csv,0.8958780605944543
231114_userI_tripod_02_2.csv,0.9691425334303264
240409_userH_tripod_03_6.csv,-0.07215491724902572
240213_userI_tripod_03_1.csv,0.8168911186634001
240409_userG_tripod_04_1.csv,0.8930803062810652
240416_userH_tripod_02_6.csv,-0.03536477734766313
240409_userG_tripod_05_7.csv,0.924087590713161
240409_userG_tripod_05_2.csv,0.9119401437236826
231005_userJ_tripod_01_7.csv,0.9176945517819225
231114_userI_tripod_01_1.csv,0.9670253560900062
240222_userI_tripod_03_6.csv,0.9302035263230872
240213_userI_tripod_05_1.csv,0.20028927447749878
240409_userH_tripod_03_2.csv,0.890384265306859
231003_userJ_tripod_02_2.csv,0.9834672217522932
231019_userH_tripod_01_5.csv,0.8222263711486484
240403_userG_tripod_04_5.csv,0.9790246744024659
231019_userH_tripod_01_6.csv,0.7201749901787772
240416_userH_tripod_04_1.csv,0.8573523189495281
231130_userJ_tripod_01_7.csv,0.9196274525024457
240403_userG_tripod_02_6.csv,0.89279694043122
240213_userJ_tripod_02_0.csv,0.9137182814100567
240416_userH_tripod_03_6.csv,0.8455955067027265
240213_userI_tripod_04_2.csv,0.7573602231100756
231026_userJ_tripod_03_1.csv,0.8573098347210062
231026_userI_tripod_01_3.csv,0.03984727579649892
231003_userJ_tripod_02_3.csv,0.9645136661122177
240409_userG_tripod_01_4.csv,0.9334099503976694
240416_userH_tripod_03_1.csv,0.8461947708438237
240213_userJ_tripod_03_2.csv,0.8971662491571738
240403_userG_tripod_04_7.csv,0.9850847752786623
231003_userJ_tripod_02_0.csv,-0.8618062447005035
240409_userG_tripod_04_5.csv,0.8770356992854439
231130_userJ_tripod_02_5.csv,0.8881470942157398
231130_userJ_tripod_02_6.csv,0.9655722560732074
240409_userG_tripod_04_4.csv,0.6912121405448824
240213_userJ_tripod_03_6.csv,0.9514788133485975
240213_userI_tripod_05_4.csv,0.8495936768653203
240213_userI_tripod_05_7.csv,0.9350986971230463
231005_userJ_tripod_02_7.csv,0.9093457361954419
240412_userG_tripod_04_2.csv,0.9718588844636896
240409_userH_tripod_03_0.csv,0.7941729784696714
240403_userH_tripod_01_7.csv,0.8832175837491791
231026_userJ_tripod_01_3.csv,0.9814336975077727
240403_userH_tripod_04_2.csv,0.8262228499428089
240412_userG_tripod_02_6.csv,0.9350564027028437
231017_userI_tripod_01_5.csv,0.8756529340215536
240213_userI_tripod_01_7.csv,0.9617473035823415
231005_userJ_tripod_02_6.csv,0.9813627377194977
240403_userH_tripod_01_5.csv,0.6731648286433041
240403_userG_tripod_02_3.csv,0.9568832189506122
240229_userH_tripod_05_7.csv,0.8154220224390266
231019_userG_tripod_01_5.csv,0.9754658099048445
240213_userJ_tripod_03_0.csv,0.7773569191456452
231116_userJ_tripod_02_3.csv,0.9753526321115227
