run_id,user,session_file,bin,method,n_candidates_kept,pearson
,G,231019_userG_tripod_01_0.csv,27,phase,129,0.9205903428361183
,G,231019_userG_tripod_01_1.csv,27,phase,116,0.9654819828725074
,G,231019_userG_tripod_01_2.csv,26,phase,122,0.9308821094649554
,G,231019_userG_tripod_01_3.csv,26,phase,118,0.9703684846729416
,G,231019_userG_tripod_01_4.csv,27,phase,139,0.9879410593904029
,G,231019_userG_tripod_01_5.csv,27,phase,118,0.9754658099048445
,G,231019_userG_tripod_01_6.csv,23,abs,120,0.9715275657732777
,G,231019_userG_tripod_01_7.csv,27,phase,114,0.9380321767785926
,G,231026_userG_tripod_01_1.csv,49,phase,126,0.9200459887526162
,G,231026_userG_tripod_01_2.csv,49,phase,119,0.9723852817272557
,G,231026_userG_tripod_01_3.csv,50,phase,102,0.9539779267366361
,G,231026_userG_tripod_01_4.csv,29,phase,99,0.9492035592203376
,G,231026_userG_tripod_01_5.csv,48,phase,112,0.9656343717074212
,G,231026_userG_tripod_01_6.csv,48,phase,123,0.9391902693324284
,G,231026_userG_tripod_01_7.csv,49,phase,115,0.9597783424125105
,G,231026_userG_tripod_02_1.csv,49,phase,116,0.974127577914023
,G,231026_userG_tripod_02_2.csv,26,phase,103,0.9156025972041384
,G,231026_userG_tripod_02_3.csv,27,phase,105,0.9455586621502614
,G,231026_userG_tripod_02_4.csv,27,phase,117,0.986674675446105
,G,231026_userG_tripod_02_5.csv,27,phase,129,0.9808289170608495
,G,231026_userG_tripod_02_6.csv,48,phase,109,0.9575234388801348
,G,231026_userG_tripod_02_7.csv,50,phase,135,0.9788327202929368
,G,240403_userG_tripod_01_0.csv,51,phase,137,0.9098414091102832
,G,240403_userG_tripod_01_1.csv,23,abs,119,0.909147656576038
,G,240403_userG_tripod_01_2.csv,24,abs,125,0.9088969972293803
,G,240403_userG_tripod_01_3.csv,26,phase,113,0.9144493946162234
,G,240403_userG_tripod_01_4.csv,24,abs,130,0.9588445707966626
,G,240403_userG_tripod_01_5.csv,25,phase,120,0.9582389432949618
,G,240403_userG_tripod_01_6.csv,26,phase,116,0.9378368661089252
,G,240403_userG_tripod_01_7.csv,24,abs,128,0.9738428292138058
,G,240403_userG_tripod_02_0.csv,24,abs,135,0.750387689270917
,G,240403_userG_tripod_02_1.csv,28,abs,131,0.8868507912289944
,G,240403_userG_tripod_02_2.csv,28,abs,123,0.9440315170431456
,G,240403_userG_tripod_02_3.csv,28,abs,103,0.9568832189506122
,G,240403_userG_tripod_02_4.csv,24,phase,121,0.9187315089769906
,G,240403_userG_tripod_02_5.csv,24,phase,119,0.891054781826187
,G,240403_userG_tripod_02_6.csv,24,phase,109,0.89279694043122
,G,240403_userG_tripod_02_7.csv,24,phase,99,0.8789579235920246
,G,240403_userG_tripod_03_0.csv,49,abs,115,0.8728658561008638
,G,240403_userG_tripod_03_1.csv,50,phase,123,0.9094291474808259
,G,240403_userG_tripod_03_2.csv,23,phase,108,0.9438100426172608
,G,240403_userG_tripod_03_3.csv,24,phase,105,0.934761973336999
,G,240403_userG_tripod_03_4.csv,64,abs,109,0.9616185801999404
,G,240403_userG_tripod_03_5.csv,24,phase,106,0.881535075776689
,G,240403_userG_tripod_03_6.csv,24,phase,111,0.9602788894727505
,G,240403_userG_tripod_03_7.csv,24,phase,116,0.9610132605518372
,G,240403_userG_tripod_04_0.csv,28,phase,127,0.8588022178720011
,G,240403_userG_tripod_04_1.csv,29,phase,130,0.9316453379291387
,G,240403_userG_tripod_04_2.csv,26,abs,125,0.9668405396178711
,G,240403_userG_tripod_04_3.csv,28,abs,124,0.9573023714719415
,G,240403_userG_tripod_04_4.csv,29,abs,108,0.9854567202786484
,G,240403_userG_tripod_04_5.csv,28,abs,117,0.9790246744024659
,G,240403_userG_tripod_04_6.csv,50,phase,109,0.9309557174781049
,G,240403_userG_tripod_04_7.csv,28,abs,98,0.9847567318694675
,G,240403_userG_tripod_05_0.csv,28,abs,131,0.9088294771043377
,G,240403_userG_tripod_05_1.csv,27,abs,128,0.870780940235115
,G,240403_userG_tripod_05_2.csv,27,abs,120,0.9612585873189435
,G,240403_userG_tripod_05_3.csv,26,abs,118,0.843741930321761
,G,240403_userG_tripod_05_4.csv,28,abs,123,0.9492963943896612
,G,240403_userG_tripod_05_5.csv,28,abs,106,0.9655597478994699
,G,240403_userG_tripod_05_6.csv,28,abs,141,0.9630440052587455
,G,240403_userG_tripod_05_7.csv,28,abs,130,0.9384985586221948
,G,240409_userG_tripod_01_0.csv,26,abs,116,0.9545602084056236
,G,240409_userG_tripod_01_1.csv,25,abs,132,0.922756782852264
,G,240409_userG_tripod_01_2.csv,45,abs,142,0.9519365459841836
,G,240409_userG_tripod_01_3.csv,44,abs,124,0.9141097711610062
,G,240409_userG_tripod_01_4.csv,25,phase,138,0.9334099503976694
,G,240409_userG_tripod_01_5.csv,26,phase,116,0.9523746726360802
,G,240409_userG_tripod_01_6.csv,26,phase,144,0.9583905546900695
,G,240409_userG_tripod_01_7.csv,26,phase,128,0.9664071567891774
,G,240409_userG_tripod_02_0.csv,24,phase,126,0.5268935502745611
,G,240409_userG_tripod_02_1.csv,24,phase,148,0.8854653051758651
,G,240409_userG_tripod_02_2.csv,24,phase,150,0.9465295301547366
,G,240409_userG_tripod_02_3.csv,24,phase,142,0.9707393405930599
,G,240409_userG_tripod_02_4.csv,24,phase,167,0.9508758951103261
,G,240409_userG_tripod_02_5.csv,26,abs,138,0.9731397956247686
,G,240409_userG_tripod_02_6.csv,27,abs,164,0.9738031898194335
,G,240409_userG_tripod_02_7.csv,25,abs,156,0.9328081114670572
,G,240409_userG_tripod_03_0.csv,44,abs,126,0.7798327963942316
,G,240409_userG_tripod_03_1.csv,28,phase,132,0.9122328484825711
,G,240409_userG_tripod_03_2.csv,25,phase,134,0.8933459046855055
,G,240409_userG_tripod_03_3.csv,25,phase,134,0.9166553166821704
,G,240409_userG_tripod_03_4.csv,27,abs,111,0.5646298778779132
,G,240409_userG_tripod_03_5.csv,27,phase,124,0.942354299035326
,G,240409_userG_tripod_03_6.csv,49,abs,125,0.8680287002700288
,G,240409_userG_tripod_03_7.csv,27,abs,150,0.9093231405725429
,G,240409_userG_tripod_04_0.csv,27,abs,159,0.8667988670074146
,G,240409_userG_tripod_04_1.csv,49,abs,128,0.8930803062810652
,G,240409_userG_tripod_04_2.csv,26,abs,157,0.6847831973043932
,G,240409_userG_tripod_04_3.csv,49,abs,139,0.7823718705731898
,G,240409_userG_tripod_04_4.csv,49,abs,140,0.6912121405448824
,G,240409_userG_tripod_04_5.csv,27,phase,130,0.799024743149633
,G,240409_userG_tripod_04_6.csv,25,abs,134,0.8548353287043766
,G,240409_userG_tripod_04_7.csv,27,abs,128,0.776864335479749
,G,240409_userG_tripod_05_0.csv,24,phase,122,0.9194182387583646
,G,240409_userG_tripod_05_1.csv,25,phase,121,0.9499661915144801
,G,240409_userG_tripod_05_2.csv,24,phase,129,0.9137342257663381
,G,240409_userG_tripod_05_3.csv,24,phase,140,0.9270733084253737
,G,240409_userG_tripod_05_4.csv,26,phase,119,0.9435517357359317
,G,240409_userG_tripod_05_5.csv,27,phase,130,0.9510566510245164
,G,240409_userG_tripod_05_6.csv,25,phase,119,0.9666762425295521
,G,240409_userG_tripod_05_7.csv,24,phase,137,0.924087590713161
,G,240412_userG_tripod_01_0.csv,25,abs,115,0.9443478376859643
,G,240412_userG_tripod_01_1.csv,25,abs,146,0.974441918587848
,G,240412_userG_tripod_01_2.csv,24,abs,122,0.9666573241497174
,G,240412_userG_tripod_01_3.csv,25,phase,119,0.9541487903587512
,G,240412_userG_tripod_01_4.csv,25,abs,132,0.968646456570125
,G,240412_userG_tripod_01_5.csv,25,abs,137,0.940741061936514
,G,240412_userG_tripod_01_6.csv,23,abs,124,0.9110260860177245
,G,240412_userG_tripod_01_7.csv,23,abs,106,0.8674715352151909
,G,240412_userG_tripod_02_0.csv,45,phase,103,0.8806992491412867
,G,240412_userG_tripod_02_1.csv,29,abs,133,0.8742540422622841
,G,240412_userG_tripod_02_2.csv,28,abs,127,0.8475200906153503
,G,240412_userG_tripod_02_3.csv,28,abs,105,0.9589866649580415
,G,240412_userG_tripod_02_4.csv,45,phase,113,0.9519821110846781
,G,240412_userG_tripod_02_5.csv,44,phase,128,0.9479522727330679
,G,240412_userG_tripod_02_6.csv,28,abs,118,0.9368583470254327
,G,240412_userG_tripod_02_7.csv,27,abs,116,0.930587282741707
,G,240412_userG_tripod_03_0.csv,27,abs,142,0.9745076353930212
,G,240412_userG_tripod_03_1.csv,25,phase,123,0.9813952121715709
,G,240412_userG_tripod_03_2.csv,27,abs,143,0.9808408499136514
,G,240412_userG_tripod_03_3.csv,25,phase,122,0.9748739131867494
,G,240412_userG_tripod_03_4.csv,28,abs,139,0.967145395012112
,G,240412_userG_tripod_03_5.csv,28,abs,135,0.9423009302103156
,G,240412_userG_tripod_03_6.csv,25,phase,114,0.9742651822024303
,G,240412_userG_tripod_03_7.csv,25,phase,119,0.9476669368506028
,G,240412_userG_tripod_04_0.csv,25,phase,116,0.4345953832753706
,G,240412_userG_tripod_04_1.csv,28,phase,126,0.9726478940551335
,G,240412_userG_tripod_04_2.csv,25,phase,131,0.9718588844636896
,G,240412_userG_tripod_04_3.csv,25,phase,118,0.9622456793952908
,G,240412_userG_tripod_04_4.csv,43,abs,99,0.7197486197950378
,G,240412_userG_tripod_04_5.csv,24,phase,121,0.9445625589345523
,G,240412_userG_tripod_04_6.csv,24,phase,102,0.9480084869984128
,G,240412_userG_tripod_04_7.csv,24,phase,109,0.9434979698434246
,H,231019_userH_tripod_01_1.csv,30,abs,133,0.5953194117016073
,H,231019_userH_tripod_01_2.csv,35,abs,157,0.9537561463159222
,H,231019_userH_tripod_01_3.csv,27,phase,137,0.8669614872226906
,H,231019_userH_tripod_01_4.csv,27,phase,125,0.9241989976357071
,H,231019_userH_tripod_01_5.csv,26,phase,142,0.8366634186501626
,H,231019_userH_tripod_01_6.csv,25,phase,141,0.7201749901787772
,H,231019_userH_tripod_01_7.csv,26,phase,142,0.9240978643670097
,H,240229_userH_tripod_01_0.csv,69,abs,104,0.7927832599427855
,H,240229_userH_tripod_01_1.csv,92,phase,106,0.36132110609573087
,H,240229_userH_tripod_01_2.csv,69,abs,124,0.9087484722244595
,H,240229_userH_tripod_01_3.csv,36,abs,114,-0.023978330972331097
,H,240229_userH_tripod_01_4.csv,36,phase,116,0.8156704762144564
,H,240229_userH_tripod_01_5.csv,37,abs,120,0.32281837817357417
,H,240229_userH_tripod_01_6.csv,17,abs,129,-0.035190413568868165
,H,240229_userH_tripod_01_7.csv,36,phase,145,0.4394759264223176
,H,240229_userH_tripod_02_0.csv,39,abs,115,-0.09079393947205715
,H,240229_userH_tripod_02_1.csv,36,phase,107,0.5307828866960101
,H,240229_userH_tripod_02_2.csv,24,phase,129,0.6396865559068706
,H,240229_userH_tripod_02_3.csv,24,phase,122,0.8294957289937386
,H,240229_userH_tripod_02_4.csv,25,abs,134,0.8894533134567606
,H,240229_userH_tripod_02_5.csv,37,abs,131,0.812310075844742
,H,240229_userH_tripod_02_6.csv,27,abs,113,0.583558820568622
,H,240229_userH_tripod_02_7.csv,26,abs,112,0.7144928321411734
,H,240229_userH_tripod_03_0.csv,22,abs,119,0.8008525609911769
,H,240229_userH_tripod_03_1.csv,63,abs,110,0.4406208268923291
,H,240229_userH_tripod_03_2.csv,23,abs,106,0.6539987300314768
,H,240229_userH_tripod_03_3.csv,27,phase,120,0.7791706914133883
,H,240229_userH_tripod_03_4.csv,26,phase,109,0.9045073713096121
,H,240229_userH_tripod_03_5.csv,27,abs,147,0.7200335702203936
,H,240229_userH_tripod_03_6.csv,27,phase,92,0.7137136076285058
,H,240229_userH_tripod_03_7.csv,27,phase,112,0.911680918211993
,H,240229_userH_tripod_04_0.csv,37,phase,137,0.8048675461659721
,H,240229_userH_tripod_04_1.csv,37,phase,118,0.9318333589706209
,H,240229_userH_tripod_04_2.csv,81,phase,125,0.8557492812601485
,H,240229_userH_tripod_04_3.csv,37,phase,109,0.7299468303719795
,H,240229_userH_tripod_04_4.csv,37,phase,120,0.8462610885296082
,H,240229_userH_tripod_04_5.csv,23,phase,114,-0.30289170064052784
,H,240229_userH_tripod_04_6.csv,16,abs,120,0.06878636610318498
,H,240229_userH_tripod_04_7.csv,38,phase,116,0.7903904845011367
,H,240229_userH_tripod_05_0.csv,25,phase,131,0.7580819170826579
,H,240229_userH_tripod_05_1.csv,82,phase,127,0.7619754485902596
,H,240229_userH_tripod_05_2.csv,82,phase,122,0.8999886265840313
,H,240229_userH_tripod_05_3.csv,25,abs,118,0.49827035955112775
,H,240229_userH_tripod_05_4.csv,69,phase,108,0.760833692581105
,H,240229_userH_tripod_05_5.csv,25,abs,137,0.7579776206761896
,H,240229_userH_tripod_05_6.csv,39,abs,136,-0.0065862425844282115
,H,240229_userH_tripod_05_7.csv,27,abs,131,0.7003076854795336
,H,240403_userH_tripod_01_1.csv,22,abs,111,0.9516914535973696
,H,240403_userH_tripod_01_2.csv,27,abs,114,0.71034269792953
,H,240403_userH_tripod_01_3.csv,24,abs,119,0.6203226771423174
,H,240403_userH_tripod_01_4.csv,22,abs,110,0.8964289430602553
,H,240403_userH_tripod_01_5.csv,24,abs,117,0.6731648286433041
,H,240403_userH_tripod_01_6.csv,22,abs,117,0.8902713513364433
,H,240403_userH_tripod_01_7.csv,25,phase,130,0.8832175837491791
,H,240403_userH_tripod_02_0.csv,27,phase,113,0.5389447934218187
,H,240403_userH_tripod_02_1.csv,26,phase,111,0.8765178826042633
,H,240403_userH_tripod_02_2.csv,26,phase,118,0.029872463775367643
,H,240403_userH_tripod_02_3.csv,25,phase,111,0.586825273823433
,H,240403_userH_tripod_02_4.csv,30,phase,126,0.785481402669474
,H,240403_userH_tripod_02_5.csv,30,phase,129,0.7647396412200129
,H,240403_userH_tripod_02_6.csv,24,abs,127,0.8983544149927298
,H,240403_userH_tripod_02_7.csv,30,phase,117,0.8943168031505905
,H,240403_userH_tripod_03_0.csv,27,phase,134,0.8953124398032889
,H,240403_userH_tripod_03_1.csv,26,phase,108,0.886083865903926
,H,240403_userH_tripod_03_2.csv,47,abs,100,0.7474892036621394
,H,240403_userH_tripod_03_3.csv,23,abs,109,0.8532045139711446
,H,240403_userH_tripod_03_4.csv,23,abs,100,0.8961014738717504
,H,240403_userH_tripod_03_5.csv,74,abs,113,0.29024464495772023
,H,240403_userH_tripod_03_6.csv,23,abs,104,0.6581174143558529
,H,240403_userH_tripod_03_7.csv,25,phase,108,0.7828533273645727
,H,240403_userH_tripod_04_0.csv,67,abs,121,0.5253197701453223
,H,240403_userH_tripod_04_1.csv,24,abs,118,0.8287011044658484
,H,240403_userH_tripod_04_2.csv,29,abs,110,0.7255359900222212
,H,240403_userH_tripod_04_3.csv,29,phase,142,0.8796727176620002
,H,240403_userH_tripod_04_4.csv,26,phase,123,0.9347177093633926
,H,240403_userH_tripod_04_5.csv,25,phase,107,0.5479488702809221
,H,240403_userH_tripod_04_6.csv,36,abs,123,0.6572416962165035
,H,240403_userH_tripod_04_7.csv,36,abs,113,0.8292760844226157
,H,240403_userH_tripod_05_0.csv,46,abs,120,0.7813026025643331
,H,240403_userH_tripod_05_1.csv,47,abs,144,0.25307867431733433
,H,240403_userH_tripod_05_2.csv,23,phase,132,0.9005977854470424
,H,240403_userH_tripod_05_3.csv,24,phase,124,0.9606510957263633
,H,240403_userH_tripod_05_4.csv,25,phase,103,0.9580079211325674
,H,240403_userH_tripod_05_5.csv,24,phase,127,0.28611730924906487
,H,240403_userH_tripod_05_6.csv,23,abs,142,0.5569512555728966
,H,240403_userH_tripod_05_7.csv,26,phase,148,0.866722945982941
,H,240409_userH_tripod_01_0.csv,49,phase,115,0.9354110126141134
,H,240409_userH_tripod_01_1.csv,49,phase,130,0.9612739015388524
,H,240409_userH_tripod_01_2.csv,35,phase,122,0.9209173310368376
,H,240409_userH_tripod_01_3.csv,37,phase,121,0.9276653193586205
,H,240409_userH_tripod_01_4.csv,37,phase,141,0.8926447376147402
,H,240409_userH_tripod_01_5.csv,36,phase,115,0.8930093499035363
,H,240409_userH_tripod_01_6.csv,23,phase,123,0.7366881706456642
,H,240409_userH_tripod_01_7.csv,50,abs,126,0.38336626650775496
,H,240409_userH_tripod_02_0.csv,25,phase,118,0.8376523271546604
,H,240409_userH_tripod_02_1.csv,25,phase,132,0.8505903216867405
,H,240409_userH_tripod_02_2.csv,25,phase,114,0.8970697418107357
,H,240409_userH_tripod_02_3.csv,24,phase,125,0.9030223958226877
,H,240409_userH_tripod_02_4.csv,23,phase,131,0.24185749771054288
,H,240409_userH_tripod_02_5.csv,25,abs,121,0.6390948161604327
,H,240409_userH_tripod_02_6.csv,44,abs,133,0.3655043350270592
,H,240409_userH_tripod_02_7.csv,31,phase,123,-0.29683186082043655
,H,240409_userH_tripod_03_0.csv,25,phase,147,0.7941729784696714
,H,240409_userH_tripod_03_1.csv,27,abs,123,0.6862301144767102
,H,240409_userH_tripod_03_2.csv,50,abs,141,0.879304299908435
,H,240409_userH_tripod_03_3.csv,28,phase,133,0.8142421562981155
,H,240409_userH_tripod_03_4.csv,108,phase,140,0.6328358460960519
,H,240409_userH_tripod_03_5.csv,27,phase,133,0.6707115176294375
,H,240409_userH_tripod_03_6.csv,85,phase,120,0.00635069566248661
,H,240409_userH_tripod_03_7.csv,27,phase,119,0.863431293012023
,H,240416_userH_tripod_01_1.csv,29,phase,139,0.7790408462080134
,H,240416_userH_tripod_01_2.csv,26,abs,127,0.3575226938346632
,H,240416_userH_tripod_01_3.csv,101,phase,120,0.8536270724474573
,H,240416_userH_tripod_01_4.csv,10,abs,130,0.17101681682423764
,H,240416_userH_tripod_01_5.csv,14,phase,110,-0.1282817873289574
,H,240416_userH_tripod_01_6.csv,102,phase,145,0.9012708072903665
,H,240416_userH_tripod_01_7.csv,86,abs,113,0.6628903128635582
,H,240416_userH_tripod_02_0.csv,29,phase,138,0.9079800627620159
,H,240416_userH_tripod_02_1.csv,29,phase,129,0.9504936765908403
,H,240416_userH_tripod_02_2.csv,29,phase,133,0.9544917614388341
,H,240416_userH_tripod_02_3.csv,29,phase,147,0.9290808610099773
,H,240416_userH_tripod_02_4.csv,29,phase,126,0.9611033179388919
,H,240416_userH_tripod_02_5.csv,29,phase,145,0.9317264747022354
,H,240416_userH_tripod_02_6.csv,78,phase,111,-0.03536477734766313
,H,240416_userH_tripod_03_1.csv,31,phase,140,0.8711422200118991
,H,240416_userH_tripod_03_2.csv,98,phase,132,0.869047640123791
,H,240416_userH_tripod_03_3.csv,27,abs,135,0.8658444248477172
,H,240416_userH_tripod_03_4.csv,25,abs,140,0.8894839825060951
,H,240416_userH_tripod_03_5.csv,105,phase,124,0.15321626151656442
,H,240416_userH_tripod_03_6.csv,24,abs,143,0.8455955067027265
,H,240416_userH_tripod_03_7.csv,108,abs,130,0.6422329057018468
,H,240416_userH_tripod_04_1.csv,28,abs,123,0.8573523189495281
,H,240416_userH_tripod_04_2.csv,28,phase,129,0.8681531416804034
,H,240416_userH_tripod_04_3.csv,27,abs,147,0.9176083442559775
,H,240416_userH_tripod_04_4.csv,48,phase,145,-0.10356745901977782
,H,240416_userH_tripod_04_5.csv,27,abs,149,0.9407178597668633
,H,240416_userH_tripod_04_6.csv,50,phase,145,0.8336324789788899
,H,240416_userH_tripod_04_7.csv,112,abs,138,0.4256386842923841
,I,231012_userI_tripod_01_0.csv,48,phase,99,0.9707754953986465
,I,231012_userI_tripod_01_1.csv,26,phase,111,0.9576095964796344
,I,231012_userI_tripod_01_2.csv,25,phase,107,0.9538668876864093
,I,231012_userI_tripod_01_3.csv,27,phase,124,0.9609628729453693
,I,231012_userI_tripod_01_4.csv,25,phase,121,0.981443576542655
,I,231012_userI_tripod_01_5.csv,25,phase,118,0.9825640446194538
,I,231012_userI_tripod_01_6.csv,48,phase,102,0.9415945556091437
,I,231012_userI_tripod_01_7.csv,24,phase,89,0.9698477351013886
,I,231017_userI_tripod_01_0.csv,27,phase,119,0.9328865437839191
,I,231017_userI_tripod_01_1.csv,26,phase,139,0.9225051979463076
,I,231017_userI_tripod_01_2.csv,27,abs,118,0.9763881956407522
,I,231017_userI_tripod_01_3.csv,34,phase,112,0.9702256961410904
,I,231017_userI_tripod_01_4.csv,34,phase,107,0.9624129471435674
,I,231017_userI_tripod_01_5.csv,26,phase,122,0.8307349119259919
,I,231017_userI_tripod_01_6.csv,34,phase,103,0.9232694650317215
,I,231017_userI_tripod_01_7.csv,22,phase,112,0.9606957890277097
,I,231019_userI_tripod_01_1.csv,24,phase,138,0.9468783175115986
,I,231019_userI_tripod_01_2.csv,25,abs,123,0.9490322794276611
,I,231019_userI_tripod_01_3.csv,27,phase,121,0.9093587452704347
,I,231019_userI_tripod_01_4.csv,23,abs,132,0.862556039507757
,I,231019_userI_tripod_01_5.csv,48,phase,113,-0.3141706910726994
,I,231019_userI_tripod_01_6.csv,24,phase,128,0.9503743203451579
,I,231019_userI_tripod_01_7.csv,25,phase,111,0.9084982924969236
,I,231024_userI_tripod_01_1.csv,25,abs,131,0.9179349673304783
,I,231024_userI_tripod_01_2.csv,49,phase,138,0.42895194012712334
,I,231024_userI_tripod_01_3.csv,22,phase,118,0.9659790040855166
,I,231024_userI_tripod_01_4.csv,28,abs,139,0.8769827067217897
,I,231024_userI_tripod_01_5.csv,24,abs,119,0.5396655628432959
,I,231024_userI_tripod_01_6.csv,24,phase,123,0.9459987330715598
,I,231024_userI_tripod_01_7.csv,23,phase,134,0.5882311165113426
,I,231026_userI_tripod_01_1.csv,43,abs,103,-0.8837968401116072
,I,231026_userI_tripod_01_2.csv,50,phase,114,0.1999274225713269
,I,231026_userI_tripod_01_3.csv,29,abs,115,-0.7286347203735313
,I,231026_userI_tripod_01_4.csv,28,phase,124,0.9644555804251915
,I,231026_userI_tripod_01_5.csv,35,phase,129,0.9676462197002168
,I,231026_userI_tripod_01_6.csv,35,phase,139,0.9580478076437824
,I,231026_userI_tripod_01_7.csv,26,abs,131,0.8695516830933724
,I,231114_userI_tripod_01_1.csv,29,abs,146,0.9670253560900062
,I,231114_userI_tripod_01_2.csv,28,abs,152,0.798786015094929
,I,231114_userI_tripod_01_3.csv,28,abs,127,0.7660212189767052
,I,231114_userI_tripod_01_4.csv,49,phase,131,0.9658943967669109
,I,231114_userI_tripod_01_5.csv,28,abs,125,0.9420790579666988
,I,231114_userI_tripod_01_6.csv,52,phase,123,0.8400182808174288
,I,231114_userI_tripod_01_7.csv,25,phase,148,0.9204760092719773
,I,231114_userI_tripod_02_1.csv,72,phase,94,0.9779772405074675
,I,231114_userI_tripod_02_2.csv,50,phase,135,0.9584231024245999
,I,231114_userI_tripod_02_3.csv,49,phase,116,0.9780126029531748
,I,231114_userI_tripod_02_4.csv,49,phase,115,0.9675155596085063
,I,231114_userI_tripod_02_5.csv,49,phase,101,0.9475818958126048
,I,231114_userI_tripod_02_6.csv,49,phase,113,0.9569933388881654
,I,231114_userI_tripod_02_7.csv,50,phase,123,0.9572562936314727
,I,231203_userI_tripod_01_0.csv,29,abs,119,0.5729839870649563
,I,231203_userI_tripod_01_1.csv,39,phase,120,0.9006146624776702
,I,231203_userI_tripod_01_2.csv,25,abs,137,0.1926683663907218
,I,231203_userI_tripod_01_3.csv,44,phase,125,0.8833125073682508
,I,231203_userI_tripod_01_4.csv,23,phase,116,0.9147738797752424
,I,231203_userI_tripod_01_5.csv,29,phase,122,0.668129568632689
,I,231203_userI_tripod_01_6.csv,23,phase,122,0.8145837043595976
,I,231203_userI_tripod_01_7.csv,29,phase,130,0.9110899499438678
,I,231205_userI_tripod_01_0.csv,26,phase,119,0.9340161249371788
,I,231205_userI_tripod_01_1.csv,26,phase,119,0.9827906419967861
,I,231205_userI_tripod_01_2.csv,30,phase,117,0.7729667040383095
,I,231205_userI_tripod_01_3.csv,30,phase,107,0.8047812384521915
,I,231205_userI_tripod_01_4.csv,30,phase,122,0.9533791360844964
,I,231205_userI_tripod_01_5.csv,30,phase,118,0.9611226701827129
,I,231205_userI_tripod_01_6.csv,26,phase,110,0.8679822542093919
,I,231205_userI_tripod_01_7.csv,26,phase,122,0.9301120862287235
,I,240205_userI_tripod_01_1.csv,28,phase,135,0.9234120374764772
,I,240205_userI_tripod_01_2.csv,28,phase,138,0.9576917475269926
,I,240205_userI_tripod_01_3.csv,28,phase,141,0.9654127250050936
,I,240205_userI_tripod_01_4.csv,29,phase,125,0.9136860489811449
,I,240205_userI_tripod_01_5.csv,29,phase,122,0.9654509994898596
,I,240205_userI_tripod_01_6.csv,26,phase,111,0.9478718231641304
,I,240205_userI_tripod_01_7.csv,29,phase,122,0.9774705486205881
,I,240213_userI_tripod_01_0.csv,29,phase,136,0.9089821656788698
,I,240213_userI_tripod_01_1.csv,28,phase,116,0.8640982295513522
,I,240213_userI_tripod_01_2.csv,39,phase,118,-0.6710949925738848
,I,240213_userI_tripod_01_3.csv,28,phase,102,0.606773625905878
,I,240213_userI_tripod_01_4.csv,43,abs,115,0.7736989139764784
,I,240213_userI_tripod_01_5.csv,44,phase,117,0.8843190442325731
,I,240213_userI_tripod_01_6.csv,29,phase,119,0.9480685471980244
,I,240213_userI_tripod_01_7.csv,29,phase,140,0.9617473035823415
,I,240213_userI_tripod_02_0.csv,50,abs,94,0.22730586671916686
,I,240213_userI_tripod_02_1.csv,83,phase,117,0.8605880924962219
,I,240213_userI_tripod_02_2.csv,28,phase,114,0.8283122764726164
,I,240213_userI_tripod_02_3.csv,29,phase,136,0.7210703438802823
,I,240213_userI_tripod_02_4.csv,28,phase,119,0.8620010219995036
,I,240213_userI_tripod_02_5.csv,28,phase,106,0.9351783397931647
,I,240213_userI_tripod_02_6.csv,68,phase,95,0.24029737352239142
,I,240213_userI_tripod_02_7.csv,71,phase,128,0.8899550263332887
,I,240213_userI_tripod_03_0.csv,50,abs,117,-0.7956939307052642
,I,240213_userI_tripod_03_1.csv,44,abs,118,0.8168911186634001
,I,240213_userI_tripod_03_2.csv,49,phase,141,-0.10435823201293727
,I,240213_userI_tripod_03_3.csv,28,phase,148,0.763285859394345
,I,240213_userI_tripod_03_4.csv,50,phase,131,0.8926086562469355
,I,240213_userI_tripod_03_5.csv,28,phase,134,0.884715696923066
,I,240213_userI_tripod_03_6.csv,64,phase,134,0.5073324896349913
,I,240213_userI_tripod_03_7.csv,64,phase,114,0.661472740602684
,I,240213_userI_tripod_04_0.csv,28,abs,138,0.9430119935142891
,I,240213_userI_tripod_04_1.csv,43,abs,121,0.8458977378977032
,I,240213_userI_tripod_04_2.csv,50,abs,117,0.7573602231100756
,I,240213_userI_tripod_04_3.csv,28,abs,117,0.7345988198237668
,I,240213_userI_tripod_04_4.csv,50,abs,138,0.4291782168444641
,I,240213_userI_tripod_04_5.csv,64,phase,129,0.8789120653310195
,I,240213_userI_tripod_04_6.csv,29,abs,115,0.638517002461198
,I,240213_userI_tripod_04_7.csv,30,abs,112,0.7930155234294501
,I,240213_userI_tripod_05_0.csv,52,phase,101,0.9264598116655723
,I,240213_userI_tripod_05_1.csv,29,abs,111,0.20028927447749878
,I,240213_userI_tripod_05_2.csv,50,abs,143,0.79555158576723
,I,240213_userI_tripod_05_3.csv,51,phase,141,0.8999685030104004
,I,240213_userI_tripod_05_4.csv,24,phase,130,0.8495936768653203
,I,240213_userI_tripod_05_5.csv,24,phase,138,0.7479140973654789
,I,240213_userI_tripod_05_6.csv,24,phase,141,0.8195986291901903
,I,240213_userI_tripod_05_7.csv,24,phase,125,0.9121661453244893
,I,240222_userI_tripod_01_0.csv,50,abs,134,0.8473797286620983
,I,240222_userI_tripod_01_1.csv,24,phase,130,0.9667759333793253
,I,240222_userI_tripod_01_2.csv,24,phase,132,0.9588953824686571
,I,240222_userI_tripod_01_3.csv,28,abs,123,0.9167270056677472
,I,240222_userI_tripod_01_4.csv,28,abs,132,0.9129445931165538
,I,240222_userI_tripod_01_5.csv,26,phase,124,0.8604404874394275
,I,240222_userI_tripod_01_6.csv,25,phase,128,0.9087682647150199
,I,240222_userI_tripod_01_7.csv,30,abs,131,0.7638789138337106
,I,240222_userI_tripod_02_0.csv,25,abs,123,0.6827157688965184
,I,240222_userI_tripod_02_1.csv,61,abs,125,0.9200219375570108
,I,240222_userI_tripod_02_2.csv,66,phase,106,0.9022676609808128
,I,240222_userI_tripod_02_3.csv,29,phase,117,0.9294947479693262
,I,240222_userI_tripod_02_4.csv,26,phase,136,0.9122630268937545
,I,240222_userI_tripod_02_5.csv,24,abs,129,0.8135240964783718
,I,240222_userI_tripod_02_6.csv,66,phase,122,0.8409605671065851
,I,240222_userI_tripod_02_7.csv,26,phase,134,0.9037880796217455
,I,240222_userI_tripod_03_1.csv,25,phase,124,0.8465911138413289
,I,240222_userI_tripod_03_2.csv,66,abs,125,0.8286631544279015
,I,240222_userI_tripod_03_3.csv,26,phase,120,0.9270168112591566
,I,240222_userI_tripod_03_4.csv,28,abs,120,0.7596821898858164
,I,240222_userI_tripod_03_5.csv,25,abs,111,0.3909586890059518
,I,240222_userI_tripod_03_6.csv,32,phase,120,0.9302035263230872
,I,240222_userI_tripod_03_7.csv,25,phase,96,0.8871332724652062
,I,240222_userI_tripod_04_0.csv,98,abs,137,0.8456894344961365
,I,240222_userI_tripod_04_1.csv,66,phase,119,0.8569800913318514
,I,240222_userI_tripod_04_2.csv,25,abs,129,-0.05570197813407841
,I,240222_userI_tripod_04_3.csv,30,phase,131,0.6997749507011517
,I,240222_userI_tripod_04_4.csv,29,phase,110,0.9136570723625858
,I,240222_userI_tripod_04_5.csv,30,phase,114,0.7807730928859066
,I,240222_userI_tripod_04_6.csv,30,phase,79,0.8375218132364167
,I,240222_userI_tripod_04_7.csv,96,abs,116,0.9273241249851117
,J,231012_userJ_tripod_01_1.csv,39,abs,162,0.9588915113515973
,J,231012_userJ_tripod_01_2.csv,23,phase,158,0.9348939661815602
,J,231012_userJ_tripod_01_3.csv,92,phase,155,0.9700529276729069
,J,231012_userJ_tripod_01_4.csv,92,phase,173,0.9590676285526321
,J,231012_userJ_tripod_01_5.csv,93,phase,147,0.9528932174028005
,J,231012_userJ_tripod_01_6.csv,92,phase,144,0.9698673504853417
,J,231012_userJ_tripod_01_7.csv,93,phase,163,0.977663394948849
,J,231026_userJ_tripod_01_1.csv,48,abs,122,0.9830018623457314
,J,231026_userJ_tripod_01_2.csv,49,abs,128,0.9787165848949295
,J,231026_userJ_tripod_01_3.csv,46,abs,136,0.9814336975077727
,J,231026_userJ_tripod_01_4.csv,47,abs,142,0.9765345009584644
,J,231026_userJ_tripod_01_5.csv,46,abs,126,0.9749669813321619
,J,231026_userJ_tripod_01_6.csv,26,phase,125,0.8885313405459283
,J,231026_userJ_tripod_01_7.csv,47,abs,106,0.8872457234792943
,J,231026_userJ_tripod_02_0.csv,48,abs,123,0.9662390727863234
,J,231026_userJ_tripod_02_1.csv,46,abs,119,0.5750726164263386
,J,231026_userJ_tripod_02_2.csv,86,phase,105,0.9071642103153711
,J,231026_userJ_tripod_02_3.csv,46,abs,128,0.947074255636013
,J,231026_userJ_tripod_02_4.csv,48,phase,111,0.8007066309290037
,J,231026_userJ_tripod_02_5.csv,48,phase,126,0.8730436514793986
,J,231026_userJ_tripod_02_6.csv,48,abs,150,0.9553763234122635
,J,231026_userJ_tripod_02_7.csv,26,phase,141,0.8807838421710386
,J,231026_userJ_tripod_03_0.csv,48,abs,144,0.9628231965804849
,J,231026_userJ_tripod_03_1.csv,86,phase,132,0.8573098347210062
,J,231026_userJ_tripod_03_2.csv,47,abs,128,0.951459555232007
,J,231026_userJ_tripod_03_3.csv,49,abs,137,0.9278581251683744
,J,231026_userJ_tripod_03_4.csv,47,abs,127,0.9272042972884754
,J,231026_userJ_tripod_03_5.csv,47,abs,130,0.9347394460714694
,J,231026_userJ_tripod_03_6.csv,49,phase,129,0.9027801432013722
,J,231026_userJ_tripod_03_7.csv,46,abs,128,0.9012696885831497
,J,231116_userJ_tripod_01_0.csv,47,phase,123,0.9068763943241909
,J,231116_userJ_tripod_01_1.csv,47,phase,127,0.8879152710903269
,J,231116_userJ_tripod_01_2.csv,54,phase,113,0.9355276507698838
,J,231116_userJ_tripod_01_3.csv,72,phase,116,0.9571243306297731
,J,231116_userJ_tripod_01_4.csv,54,phase,128,0.9648808424240658
,J,231116_userJ_tripod_01_5.csv,66,abs,121,0.963446026837317
,J,231116_userJ_tripod_01_6.csv,66,abs,125,0.9346581855131224
,J,231116_userJ_tripod_01_7.csv,66,abs,126,0.9632476185099486
,J,231116_userJ_tripod_02_1.csv,21,phase,134,0.9243758663212004
,J,231116_userJ_tripod_02_2.csv,22,phase,121,0.9558202680993835
,J,231116_userJ_tripod_02_3.csv,65,abs,116,0.9837649326021479
,J,231116_userJ_tripod_02_4.csv,23,phase,127,0.9336062012917608
,J,231116_userJ_tripod_02_5.csv,22,phase,133,0.9440768477825351
,J,231116_userJ_tripod_02_6.csv,66,abs,119,0.9655299018658597
,J,231116_userJ_tripod_02_7.csv,23,phase,124,0.9261642724725416
,J,231130_userJ_tripod_01_1.csv,30,abs,106,0.9485983552073567
,J,231130_userJ_tripod_01_2.csv,30,abs,113,0.9439416373692788
,J,231130_userJ_tripod_01_3.csv,30,abs,110,0.9182415751870593
,J,231130_userJ_tripod_01_4.csv,30,abs,116,0.933212354947266
,J,231130_userJ_tripod_01_5.csv,30,abs,100,0.8968165940638755
,J,231130_userJ_tripod_01_6.csv,51,phase,119,0.7880792080886061
,J,231130_userJ_tripod_01_7.csv,29,abs,115,0.8984660956099696
,J,231130_userJ_tripod_02_0.csv,46,phase,121,0.9649654507800426
,J,231130_userJ_tripod_02_1.csv,28,abs,124,0.6938548021639327
,J,231130_userJ_tripod_02_2.csv,30,abs,122,0.9602169148423111
,J,231130_userJ_tripod_02_3.csv,46,phase,115,0.9793996324203665
,J,231130_userJ_tripod_02_4.csv,46,phase,112,0.8978533852197109
,J,231130_userJ_tripod_02_5.csv,64,phase,103,0.9601455399515996
,J,231130_userJ_tripod_02_6.csv,46,phase,137,0.9655722560732074
,J,231130_userJ_tripod_02_7.csv,46,phase,119,0.9755171854001289
,J,231203_userJ_tripod_01_1.csv,49,phase,120,0.96777100270392
,J,231203_userJ_tripod_01_2.csv,47,phase,135,0.9750922485877382
,J,231203_userJ_tripod_01_3.csv,50,phase,123,0.9583372350876566
,J,231203_userJ_tripod_01_4.csv,50,phase,117,0.9648404721470792
,J,231203_userJ_tripod_01_5.csv,49,phase,112,0.9806086642345768
,J,231203_userJ_tripod_01_6.csv,48,phase,114,0.9820209473592559
,J,231203_userJ_tripod_01_7.csv,49,phase,121,0.9833410275871343
,J,231203_userJ_tripod_02_0.csv,49,abs,121,0.735579350803286
,J,231203_userJ_tripod_02_1.csv,29,phase,131,0.9592132417824834
,J,231203_userJ_tripod_02_2.csv,29,phase,136,0.9834672217522932
,J,231203_userJ_tripod_02_3.csv,50,abs,131,0.93138082013158
,J,231203_userJ_tripod_02_4.csv,28,phase,127,0.9258204702339702
,J,231203_userJ_tripod_02_5.csv,51,abs,132,0.9282479529761578
,J,231203_userJ_tripod_02_6.csv,50,abs,118,0.9251255392318507
,J,231203_userJ_tripod_02_7.csv,28,phase,132,0.8795418520234546
,J,231203_userJ_tripod_03_1.csv,50,abs,127,0.9548241847793503
,J,231203_userJ_tripod_03_2.csv,50,abs,121,0.9709226774594433
,J,231203_userJ_tripod_03_3.csv,48,phase,139,0.9529842556694974
,J,231203_userJ_tripod_03_4.csv,28,abs,125,0.9778988887721286
,J,231203_userJ_tripod_03_5.csv,46,phase,146,0.9533203316449438
,J,231203_userJ_tripod_03_6.csv,48,phase,138,0.9490619735031979
,J,231203_userJ_tripod_03_7.csv,48,phase,132,0.9750132813944362
,J,231205_userJ_tripod_01_1.csv,23,phase,139,0.9588016904325585
,J,231205_userJ_tripod_01_2.csv,29,abs,141,0.8684656691051307
,J,231205_userJ_tripod_01_3.csv,28,abs,152,0.9701082250185116
,J,231205_userJ_tripod_01_4.csv,48,phase,127,0.9716150984415061
,J,231205_userJ_tripod_01_5.csv,28,abs,133,0.9853205598814079
,J,231205_userJ_tripod_01_6.csv,29,abs,129,0.9230210675101278
,J,231205_userJ_tripod_01_7.csv,24,phase,126,0.9176945517819225
,J,231205_userJ_tripod_02_1.csv,27,phase,135,0.9884671964722043
,J,231205_userJ_tripod_02_2.csv,53,phase,131,0.9583306547678265
,J,231205_userJ_tripod_02_3.csv,27,phase,123,0.9608357774621881
,J,231205_userJ_tripod_02_4.csv,29,phase,138,0.9742475340471989
,J,231205_userJ_tripod_02_5.csv,28,phase,145,0.9807820630762254
,J,231205_userJ_tripod_02_6.csv,27,phase,162,0.9761773108550914
,J,231205_userJ_tripod_02_7.csv,25,phase,144,0.9599136433754173
,J,240213_userJ_tripod_01_0.csv,31,phase,128,0.9641509703781538
,J,240213_userJ_tripod_01_1.csv,43,phase,131,0.9825600739321897
,J,240213_userJ_tripod_01_2.csv,43,phase,116,0.9701992299126693
,J,240213_userJ_tripod_01_3.csv,43,phase,127,0.9749002086712646
,J,240213_userJ_tripod_01_4.csv,53,abs,140,0.9668443993919204
,J,240213_userJ_tripod_01_5.csv,44,phase,124,0.9715191066730079
,J,240213_userJ_tripod_01_6.csv,43,phase,111,0.9657010717070899
,J,240213_userJ_tripod_01_7.csv,43,phase,121,0.9447621706531595
,J,240213_userJ_tripod_02_0.csv,40,phase,139,0.8839460210235957
,J,240213_userJ_tripod_02_1.csv,17,phase,125,0.9278522523295035
,J,240213_userJ_tripod_02_2.csv,40,phase,113,0.9362302236002362
,J,240213_userJ_tripod_02_3.csv,54,abs,103,0.8737077264212253
,J,240213_userJ_tripod_02_4.csv,23,abs,133,0.8671854923372614
,J,240213_userJ_tripod_02_5.csv,51,abs,148,0.918144370875243
,J,240213_userJ_tripod_02_6.csv,24,phase,115,0.6698812674319086
,J,240213_userJ_tripod_02_7.csv,23,phase,124,0.7449310177595228
,J,240213_userJ_tripod_03_0.csv,52,abs,153,0.9515647898812836
,J,240213_userJ_tripod_03_1.csv,57,phase,151,0.9052396958624754
,J,240213_userJ_tripod_03_2.csv,21,phase,119,0.8971662491571738
,J,240213_userJ_tripod_03_3.csv,21,phase,129,0.9048467879275809
,J,240213_userJ_tripod_03_4.csv,22,phase,127,0.933591556803729
,J,240213_userJ_tripod_03_5.csv,52,abs,136,0.952836147339984
,J,240213_userJ_tripod_03_6.csv,22,phase,136,0.9514788133485975
,J,240213_userJ_tripod_03_7.csv,21,phase,135,0.949736204574742
